["\u0410\u043a\u0443\u0441\u0442\u0438\u0447\u0435\u0441\u043a\u0438\u0435 \u043a\u0430\u0431\u0435\u043b\u0438", [{"name": "\u041a\u0430\u0431\u0435\u043b\u044c/\u043f\u0435\u0440\u0435\u0445\u043e\u0434\u043d\u0438\u043a Ugreen AV140 / 20898 (\u0447\u0435\u0440\u043d\u044b\u0439)", "url_img": "https://cdn21vek.by/img/galleries/7790/381/preview/av14020898_ugreen_633d7006b0bef.jpeg", "url_product": "https://www.21vek.by/cables/av14020898_ugreen.html", "price": "16.43"}, {"name": "\u041a\u0430\u0431\u0435\u043b\u044c Breaking AUX / 24110 (1\u043c, \u0447\u0435\u0440\u043d\u044b\u0439)", "url_img": "https://cdn21vek.by/img/galleries/7541/881/preview/aux24110_breaking_6333efd42db35.jpeg", "url_product": "https://www.21vek.by/cables/aux24110_breaking.html", "price": "9.90"}, {"name": "\u041a\u0430\u0431\u0435\u043b\u044c Usams AUX / US-SJ256 (1.2\u043c, \u043a\u0440\u0430\u0441\u043d\u044b\u0439)", "url_img": "https://cdn21vek.by/img/galleries/6871/457/preview/auxussj256_usams_01_613b06651169a.jpeg", "url_product": "https://www.21vek.by/cables/auxussj256_usams_01.html", "price": "12.00"}, {"name": "\u041a\u0430\u0431\u0435\u043b\u044c/\u043f\u0435\u0440\u0435\u0445\u043e\u0434\u043d\u0438\u043a Atom USB Type-C 3.1 - 3.5 Jack/USB Type-C (0.15\u043c, \u0447\u0435\u0440\u043d\u044b\u0439)", "url_img": "https://cdn21vek.by/img/galleries/7406/167/preview/usbtypec3135jackusbtypec_atom_6258055f098e8.jpeg", "url_product": "https://www.21vek.by/cables/usbtypec3135jackusbtypec_atom.html", "price": "12.70"}, {"name": "\u041a\u0430\u0431\u0435\u043b\u044c Breaking AUX / 24113 (1\u043c, \u043a\u0440\u0430\u0441\u043d\u044b\u0439)", "url_img": "https://cdn21vek.by/img/galleries/7541/870/preview/aux24113_breaking_6333f0a2d57ce.jpeg", "url_product": "https://www.21vek.by/cables/aux24113_breaking.html", "price": "9.50"}, {"name": "\u041a\u0430\u0431\u0435\u043b\u044c Schulz Kabel MOD15", "url_img": "https://cdn21vek.by/img/galleries/799/713/preview/mod15_schulz_kabel_5c49782a30ea1.jpeg", "url_product": "https://www.21vek.by/cables/mod15_schulz_kabel.html", "price": "110.00"}, {"name": "\u041a\u0430\u0431\u0435\u043b\u044c/\u043f\u0435\u0440\u0435\u0445\u043e\u0434\u043d\u0438\u043a Atom USB Type-C 3.1 - 3.5 Jack/USB Type-C (0.15\u043c, \u0441\u0435\u0440\u0435\u0431\u0440\u0438\u0441\u0442\u044b\u0439)", "url_img": "https://cdn21vek.by/img/galleries/7406/170/preview/sbtypec3135jackusbtypec_atom_6258065dd98e1.jpeg", "url_product": "https://www.21vek.by/cables/sbtypec3135jackusbtypec_atom.html", "price": "12.70"}, {"name": "\u041a\u0430\u0431\u0435\u043b\u044c Rexant 17-0105 (3\u043c)", "url_img": "https://cdn21vek.by/img/galleries/6807/835/preview/170105_rexant_6124f9e249338.jpeg", "url_product": "https://www.21vek.by/cables/170105_rexant.html", "price": "8.40"}, {"name": "\u041a\u0430\u0431\u0435\u043b\u044c Rexant 17-4100 (0.5\u043c)", "url_img": "https://cdn21vek.by/img/galleries/6838/11/preview/174100_rexant_61af7c20b28c3.jpeg", "url_product": "https://www.21vek.by/cables/174100_rexant.html", "price": "6.66"}, {"name": "\u041a\u0430\u0431\u0435\u043b\u044c Klotz AY70200", "url_img": "https://cdn21vek.by/img/galleries/813/409/preview/ay70200_klotz_5c20fa57869c4.jpeg", "url_product": "https://www.21vek.by/cables/ay70200_klotz.html", "price": "45.86"}, {"name": "\u0410\u0434\u0430\u043f\u0442\u0435\u0440 Klotz AY5-0100", "url_img": "https://cdn21vek.by/img/galleries/813/499/preview/ay50100_klotz_5c2f8bd5e2b8b.jpeg", "url_product": "https://www.21vek.by/cables/ay50100_klotz.html", "price": "30.00"}, {"name": "\u041a\u0430\u0431\u0435\u043b\u044c Klotz MID-010", "url_img": "https://cdn21vek.by/img/galleries/813/512/preview/mid010_klotz_5c2f8942ce400.jpeg", "url_product": "https://www.21vek.by/cables/mid010_klotz.html", "price": "37.00"}, {"name": "\u041a\u0430\u0431\u0435\u043b\u044c AURA RCA-B210 MkII", "url_img": "https://cdn21vek.by/img/galleries/65534/110/preview/rcab210mkii_aura__61a4e4fe3ab58.jpeg", "url_product": "https://www.21vek.by/cables/rcab210mkii_aura_.html", "price": "35.57"}, {"name": "\u041a\u0430\u0431\u0435\u043b\u044c Breaking AUX / 24114 (1\u043c, \u0431\u0435\u043b\u044b\u0439)", "url_img": "https://cdn21vek.by/img/galleries/7541/622/preview/aux24114_breaking_6333f0ea93821.jpeg", "url_product": "https://www.21vek.by/cables/aux24114_breaking.html", "price": "9.50"}, {"name": "\u041a\u0430\u0431\u0435\u043b\u044c Breaking AUX / 24111 (1\u043c, \u0441\u0438\u043d\u0438\u0439)", "url_img": "https://cdn21vek.by/img/galleries/7541/878/preview/aux24111_breaking_6333f06916667.jpeg", "url_product": "https://www.21vek.by/cables/aux24111_breaking.html", "price": "9.50"}, {"name": "\u041a\u0430\u0431\u0435\u043b\u044c AURA RCA-A110 MKII (1\u043c)", "url_img": "https://cdn21vek.by/img/galleries/706/418/preview/rcaa110mkii_aura__5c98d3b1975f7.jpeg", "url_product": "https://www.21vek.by/cables/rcaa110mkii_aura_.html", "price": "17.10"}, {"name": "\u041a\u0430\u0431\u0435\u043b\u044c AURA RCA-AV51 (5\u043c)", "url_img": "https://cdn21vek.by/img/galleries/5895/880/preview/rcaav51_aura__6244768a37428.jpeg", "url_product": "https://www.21vek.by/cables/rcaav51_aura_.html", "price": "19.46"}, {"name": "\u041a\u0430\u0431\u0435\u043b\u044c Romance \u0410-047\u0412", "url_img": "https://cdn21vek.by/img/galleries/6885/994/preview/047_romance_633adc1de8ebf.jpeg", "url_product": "https://www.21vek.by/cables/047_romance.html", "price": "16.32"}, {"name": "\u041a\u043e\u043d\u043d\u0435\u043a\u0442\u043e\u0440 Neutrik NC3MX", "url_img": "https://cdn21vek.by/img/galleries/6035/827/preview/nc3mx_neutrik_5f75be3e4a837.jpeg", "url_product": "https://www.21vek.by/cables/nc3mx_neutrik.html", "price": "19.28"}, {"name": "\u041a\u043e\u043d\u043d\u0435\u043a\u0442\u043e\u0440 Neutrik NAC3FCA", "url_img": "https://cdn21vek.by/img/galleries/5859/23/preview/nac3fca_neutrik_5e79c4af21cb4.jpeg", "url_product": "https://www.21vek.by/cables/nac3fca_neutrik.html", "price": "15.00"}, {"name": "\u041a\u0430\u0431\u0435\u043b\u044c/\u043f\u0435\u0440\u0435\u0445\u043e\u0434\u043d\u0438\u043a Klotz AS-EX30300 (3\u043c)", "url_img": "https://cdn21vek.by/img/galleries/7100/956/preview/asex30300_klotz_61b352779119c.jpeg", "url_product": "https://www.21vek.by/cables/asex30300_klotz.html", "price": "55.00"}, {"name": "\u041a\u0430\u0431\u0435\u043b\u044c Hoco US03 HDMI 2.0 (1\u043c, \u0447\u0435\u0440\u043d\u044b\u0439)", "url_img": "https://cdn21vek.by/img/galleries/7911/401/preview/us03hdmi20_hoco_63864376482da.jpeg", "url_product": "https://www.21vek.by/cables/us03hdmi20_hoco.html", "price": "17.82"}, {"name": "\u041a\u043e\u043d\u043d\u0435\u043a\u0442\u043e\u0440 Neutrik NC3FXX", "url_img": "https://cdn21vek.by/img/galleries/872/604/preview/nc3fxx_neutrik_5cff555e7b74b.png", "url_product": "https://www.21vek.by/cables/nc3fxx_neutrik.html", "price": "15.75"}, {"name": "\u041a\u0430\u0431\u0435\u043b\u044c Cablexpert CC-TC2x0.5-10M", "url_img": "https://cdn21vek.by/img/galleries/7701/191/preview/cctc2x0510m_cablexpert__63087ab6cadac.jpeg", "url_product": "https://www.21vek.by/cables/cctc2x0510m_cablexpert_.html", "price": "19.93"}, {"name": "\u041a\u043e\u043d\u043d\u0435\u043a\u0442\u043e\u0440 Neutrik NC3MRX", "url_img": "https://cdn21vek.by/img/galleries/872/708/preview/nc3mrx_neutrik_5cff5dc22f25c.png", "url_product": "https://www.21vek.by/cables/nc3mrx_neutrik.html", "price": "24.24"}, {"name": "\u0423\u0434\u043b\u0438\u043d\u0438\u0442\u0435\u043b\u044c \u043a\u0430\u0431\u0435\u043b\u044f Incar AEC-150 (1.5\u043c)", "url_img": "https://cdn21vek.by/img/galleries/798/942/preview/aec150_incar_5ddbd060c55ef.jpeg", "url_product": "https://www.21vek.by/cables/aec150_incar.html", "price": "10.87"}, {"name": "\u041a\u0430\u0431\u0435\u043b\u044c AURA SCA-B150 (10\u043c)", "url_img": "https://cdn21vek.by/img/galleries/785/15/preview/scab150_aura__5c98e3856eb9f.jpeg", "url_product": "https://www.21vek.by/cables/scab150_aura_.html", "price": "17.09"}, {"name": "\u041a\u043e\u043d\u043d\u0435\u043a\u0442\u043e\u0440 AURA RCA-P617", "url_img": "https://cdn21vek.by/img/galleries/5894/508/preview/rcap617_aura__5e4ba725a3175.jpeg", "url_product": "https://www.21vek.by/cables/rcap617_aura_.html", "price": "37.70"}, {"name": "\u0410\u0434\u0430\u043f\u0442\u0435\u0440 Kupfern KFYC183M (3\u043c)", "url_img": "https://cdn21vek.by/img/galleries/6547/23/preview/kfyc183m_kupfern_60d5a6ba805fd.jpeg", "url_product": "https://www.21vek.by/cables/kfyc183m_kupfern.html", "price": "47.46"}, {"name": "\u041a\u0430\u0431\u0435\u043b\u044c Mystery MREF 5.4", "url_img": "https://cdn21vek.by/img/galleries/7240/773/preview/mref54_mystery_627a97b951709.jpeg", "url_product": "https://www.21vek.by/cables/mref54_mystery.html", "price": "76.00"}, {"name": "\u041a\u0430\u0431\u0435\u043b\u044c PROconnect \u0428\u0412\u041f\u041c / 01-6103-6", "url_img": "https://cdn21vek.by/img/galleries/5787/344/preview/0161036_proconnect_5dd508324db04.jpeg", "url_product": "https://www.21vek.by/cables/0161036_proconnect.html", "price": "78.44"}, {"name": "\u0410\u0434\u0430\u043f\u0442\u0435\u0440 Sipl Bluetooth 5.0 / AK276D", "url_img": "https://cdn21vek.by/img/galleries/7309/269/preview/bluetooth50ak276d_sipl_62342701bd680.jpeg", "url_product": "https://www.21vek.by/cables/bluetooth50ak276d_sipl.html", "price": "23.40"}, {"name": "\u0421\u043f\u043b\u0438\u0442\u0442\u0435\u0440 Sipl MiniJack / 2 MiniJack / AK268A", "url_img": "https://cdn21vek.by/img/galleries/7224/38/preview/minijack2minijackak268a_sipl_62c82bcf0368a.jpeg", "url_product": "https://www.21vek.by/cables/minijack2minijackak268a_sipl.html", "price": "12.30"}, {"name": "\u041a\u0430\u0431\u0435\u043b\u044c \u0423\u0440\u0430\u043b Mini Jack 2RCA", "url_img": "https://cdn21vek.by/img/galleries/5705/972/preview/minijack2rca_ural_5e7242a0a5556.jpeg", "url_product": "https://www.21vek.by/cables/minijack2rca_ural.html", "price": "29.82"}, {"name": "\u041a\u0430\u0431\u0435\u043b\u044c Rexant 17-2502-4", "url_img": "https://cdn21vek.by/img/galleries/6807/972/preview/1725024_rexant_6124fddd34eb3.jpeg", "url_product": "https://www.21vek.by/cables/1725024_rexant.html", "price": "16.20"}, {"name": "\u0423\u0434\u043b\u0438\u043d\u0438\u0442\u0435\u043b\u044c \u043a\u0430\u0431\u0435\u043b\u044f Stagg SMC6", "url_img": "https://cdn21vek.by/img/galleries/936/891/preview/smc6_stagg_5c9a0d478da87.jpeg", "url_product": "https://www.21vek.by/cables/smc6_stagg.html", "price": "30.40"}, {"name": "\u0410\u0434\u0430\u043f\u0442\u0435\u0440 Linly Lighting \u0441\u0442\u0435\u0440\u0435\u043e\u043c\u0438\u043d\u0438\u0434\u0436\u0435\u043a/2RCA (1.5\u043c)", "url_img": "https://cdn21vek.by/img/galleries/6052/89/preview/2rca_linly_lighting_61b87e616768f.jpeg", "url_product": "https://www.21vek.by/cables/2rca_linly_lighting.html", "price": "29.62"}, {"name": "\u041a\u0430\u0431\u0435\u043b\u044c ATcom AT0704 / Toslink Silver Head (3\u043c)", "url_img": "https://cdn21vek.by/img/galleries/6279/99/preview/at0704toslinksilverhead_atcom_6021028abbb62.jpeg", "url_product": "https://www.21vek.by/cables/at0704toslinksilverhead_atcom.html", "price": "34.38"}, {"name": "\u041a\u043e\u043d\u043d\u0435\u043a\u0442\u043e\u0440 AURA RCA-CY22", "url_img": "https://cdn21vek.by/img/galleries/706/494/preview/rcacy22_aura__5cfe59230af1a.jpeg", "url_product": "https://www.21vek.by/cables/rcacy22_aura_.html", "price": "54.74"}, {"name": "\u0423\u0434\u043b\u0438\u043d\u0438\u0442\u0435\u043b\u044c \u043a\u0430\u0431\u0435\u043b\u044f Stagg SMC3 CRD", "url_img": "https://cdn21vek.by/img/galleries/1084/454/preview/smc3crd_stagg_5e4e3b94c2308.jpeg", "url_product": "https://www.21vek.by/cables/smc3crd_stagg.html", "price": "20.80"}, {"name": "\u0423\u0434\u043b\u0438\u043d\u0438\u0442\u0435\u043b\u044c \u043a\u0430\u0431\u0435\u043b\u044f Stagg SMC3 CBL", "url_img": "https://cdn21vek.by/img/galleries/6115/211/preview/smc3cbl_stagg_5f5b669abacdc.jpeg", "url_product": "https://www.21vek.by/cables/smc3cbl_stagg.html", "price": "20.80"}, {"name": "\u041a\u0430\u0431\u0435\u043b\u044c Hoco US03 HDMI 2.0 (2\u043c, \u0447\u0435\u0440\u043d\u044b\u0439)", "url_img": "https://cdn21vek.by/img/galleries/7911/403/preview/us03hdmi20_hoco_01_638643417c613.jpeg", "url_product": "https://www.21vek.by/cables/us03hdmi20_hoco_01.html", "price": "25.74"}, {"name": "\u0423\u0434\u043b\u0438\u043d\u0438\u0442\u0435\u043b\u044c \u043a\u0430\u0431\u0435\u043b\u044f Stagg SMC10", "url_img": "https://cdn21vek.by/img/galleries/936/898/preview/smc10_stagg_5c9a0e39735c1.jpeg", "url_product": "https://www.21vek.by/cables/smc10_stagg.html", "price": "41.60"}, {"name": "\u0410\u0434\u0430\u043f\u0442\u0435\u0440 Klotz 3.5\u043c\u043c jack-2x6.3\u043c\u043c jack AY5-0600", "url_img": "https://cdn21vek.by/img/galleries/813/497/preview/35jack2x63jackay50600_klotz_5cd5834500031.jpeg", "url_product": "https://www.21vek.by/cables/35jack2x63jackay50600_klotz.html", "price": "50.00"}, {"name": "\u0410\u0434\u0430\u043f\u0442\u0435\u0440 Klotz AY5A0200", "url_img": "https://cdn21vek.by/img/galleries/813/350/preview/ay5a0200_klotz_5c20fc4eb3984.jpeg", "url_product": "https://www.21vek.by/cables/ay5a0200_klotz.html", "price": "35.00"}, {"name": "\u041a\u0430\u0431\u0435\u043b\u044c Rexant 2x0.50 / 01-6203-3-20 (20\u043c, \u043f\u0440\u043e\u0437\u0440\u0430\u0447\u043d\u044b\u0439)", "url_img": "https://cdn21vek.by/img/galleries/7350/608/preview/2x050016203320_rexant_624d4a30c50f5.jpeg", "url_product": "https://www.21vek.by/cables/2x050016203320_rexant.html", "price": "18.15"}, {"name": "\u0423\u0434\u043b\u0438\u043d\u0438\u0442\u0435\u043b\u044c \u043a\u0430\u0431\u0435\u043b\u044f Stagg SMC3", "url_img": "https://cdn21vek.by/img/galleries/936/894/preview/smc3_stagg_5c9a0df4de58c.jpeg", "url_product": "https://www.21vek.by/cables/smc3_stagg.html", "price": "20.80"}, {"name": "\u041a\u0430\u0431\u0435\u043b\u044c Invotone ACM1003S/BK", "url_img": "https://cdn21vek.by/img/galleries/8045/988/preview/acm1003sbk_invotone_63c016c9a6866.jpeg", "url_product": "https://www.21vek.by/cables/acm1003sbk_invotone.html", "price": "55.60"}, {"name": "\u0410\u0434\u0430\u043f\u0442\u0435\u0440 Kupfern KFAC202M (2\u043c)", "url_img": "https://cdn21vek.by/img/galleries/6546/989/preview/kfac202m_kupfern_60d594abd6604.jpeg", "url_product": "https://www.21vek.by/cables/kfac202m_kupfern.html", "price": "27.48"}, {"name": "\u041a\u0430\u0431\u0435\u043b\u044c AURA RCA-0450 (5\u043c)", "url_img": "https://cdn21vek.by/img/galleries/5747/24/preview/rca0450_aura__5dc67e142a7f7.jpeg", "url_product": "https://www.21vek.by/cables/rca0450_aura_.html", "price": "33.51"}, {"name": "\u041a\u0430\u0431\u0435\u043b\u044c Klotz AY7A0300", "url_img": "https://cdn21vek.by/img/galleries/813/365/preview/ay7a0300_klotz_5c2100208059f.jpeg", "url_product": "https://www.21vek.by/cables/ay7a0300_klotz.html", "price": "57.00"}, {"name": "\u0410\u0434\u0430\u043f\u0442\u0435\u0440 Kupfern KFAC201M (1\u043c)", "url_img": "https://cdn21vek.by/img/galleries/6546/979/preview/kfac201m_kupfern_60d5932d384d5.jpeg", "url_product": "https://www.21vek.by/cables/kfac201m_kupfern.html", "price": "22.50"}, {"name": "\u0410\u0434\u0430\u043f\u0442\u0435\u0440 Klotz GRG1FM10.0", "url_img": "https://cdn21vek.by/img/galleries/813/432/preview/grg1fm100_klotz_5c20f833b1cac.jpeg", "url_product": "https://www.21vek.by/cables/grg1fm100_klotz.html", "price": "83.00"}, {"name": "\u0410\u0434\u0430\u043f\u0442\u0435\u0440 Rexant 17-4232", "url_img": "https://cdn21vek.by/img/galleries/6808/156/preview/174232_rexant_61af7cae445be.jpeg", "url_product": "https://www.21vek.by/cables/174232_rexant.html", "price": "16.32"}, {"name": "\u041a\u0430\u0431\u0435\u043b\u044c \u0423\u0440\u0430\u043b Mini Jack", "url_img": "https://cdn21vek.by/img/galleries/5705/976/preview/minijack_ural_5e72416a8f556.jpeg", "url_product": "https://www.21vek.by/cables/minijack_ural.html", "price": "28.35"}, {"name": "\u041a\u0430\u0431\u0435\u043b\u044c AURA RCA-B250 MkII (5\u043c)", "url_img": "https://cdn21vek.by/img/galleries/706/438/preview/rcab250mkii_aura__5c3788cc61d1b.jpeg", "url_product": "https://www.21vek.by/cables/rcab250mkii_aura_.html", "price": "66.37"}, {"name": "\u0410\u0434\u0430\u043f\u0442\u0435\u0440 Kupfern KFAC215M (5\u043c)", "url_img": "https://cdn21vek.by/img/galleries/6547/12/preview/kfac215m_kupfern_60d5961550b6f.jpeg", "url_product": "https://www.21vek.by/cables/kfac215m_kupfern.html", "price": "34.50"}, {"name": "\u041a\u043e\u043d\u043d\u0435\u043a\u0442\u043e\u0440 AURA RCA-P613", "url_img": "https://cdn21vek.by/img/galleries/706/832/preview/rcap613_aura__5cf8fdadbb9c1.jpeg", "url_product": "https://www.21vek.by/cables/rcap613_aura_.html", "price": "35.57"}, {"name": "\u041a\u0430\u0431\u0435\u043b\u044c Schulz Kabel STOZ2 (2\u043c)", "url_img": "https://cdn21vek.by/img/galleries/7532/462/preview/stoz2_schulz_kabel_629f5ee323b77.jpeg", "url_product": "https://www.21vek.by/cables/stoz2_schulz_kabel.html", "price": "45.00"}, {"name": "\u041a\u0430\u0431\u0435\u043b\u044c Schulz Kabel STOZ3 (3\u043c)", "url_img": "https://cdn21vek.by/img/galleries/7532/464/preview/stoz3_schulz_kabel_629f5e61c92c0.jpeg", "url_product": "https://www.21vek.by/cables/stoz3_schulz_kabel.html", "price": "51.00"}, {"name": "\u0421\u043f\u043b\u0438\u0442\u0442\u0435\u0440 Rexant 18-1100 (\u0431\u0435\u043b\u044b\u0439)", "url_img": "https://cdn21vek.by/img/galleries/6785/133/preview/181100_rexant_612638897cf2e.jpeg", "url_product": "https://www.21vek.by/cables/181100_rexant.html", "price": "17.07"}, {"name": "\u041a\u0430\u0431\u0435\u043b\u044c Rexant 01-6105-3-20", "url_img": "https://cdn21vek.by/img/galleries/6441/286/preview/016105320_rexant_606b18e7de726.jpeg", "url_product": "https://www.21vek.by/cables/016105320_rexant.html", "price": "27.06"}, {"name": "\u041a\u0430\u0431\u0435\u043b\u044c Klotz AS-MM0090", "url_img": "https://cdn21vek.by/img/galleries/813/346/preview/asmm0090_klotz_5c21026205c93.jpeg", "url_product": "https://www.21vek.by/cables/asmm0090_klotz.html", "price": "34.00"}, {"name": "\u0410\u0434\u0430\u043f\u0442\u0435\u0440 Kupfern KFYC185M (5\u043c)", "url_img": "https://cdn21vek.by/img/galleries/6547/10/preview/kfyc185m_kupfern_60d5a6f193428.jpeg", "url_product": "https://www.21vek.by/cables/kfyc185m_kupfern.html", "price": "57.48"}, {"name": "\u041a\u0430\u0431\u0435\u043b\u044c Maxtone C-129-1/20", "url_img": "https://cdn21vek.by/img/galleries/6765/30/preview/c129120_maxtone_61b882ec831eb.jpeg", "url_product": "https://www.21vek.by/cables/c129120_maxtone.html", "price": "66.60"}, {"name": "\u041a\u0430\u0431\u0435\u043b\u044c AURA RCA-0250 (5\u043c)", "url_img": "https://cdn21vek.by/img/galleries/5701/641/preview/rca0250_aura__5dc6781c48d62.jpeg", "url_product": "https://www.21vek.by/cables/rca0250_aura_.html", "price": "25.20"}, {"name": "\u041a\u0430\u0431\u0435\u043b\u044c AURA RCA-C305 (0.5\u043c)", "url_img": "https://cdn21vek.by/img/galleries/706/484/preview/rcac305_aura__5c98d4864e2e3.jpeg", "url_product": "https://www.21vek.by/cables/rcac305_aura_.html", "price": "29.82"}, {"name": "\u041a\u0430\u0431\u0435\u043b\u044c Baseus CABA01-01 (\u0447\u0435\u0440\u043d\u044b\u0439)", "url_img": "https://cdn21vek.by/img/galleries/6822/122/preview/caba0101_baseus_63e364a01a1ee.jpeg", "url_product": "https://www.21vek.by/cables/caba0101_baseus.html", "price": "58.48"}, {"name": "\u041a\u0430\u0431\u0435\u043b\u044c Rexant 01-6105-3-10", "url_img": "https://cdn21vek.by/img/galleries/1135/625/preview/016105310_rexant_606b184b66fe2.jpeg", "url_product": "https://www.21vek.by/cables/016105310_rexant.html", "price": "17.00"}, {"name": "\u041a\u0430\u0431\u0435\u043b\u044c Linly Lighting 2RCA/2RCA (1.5\u043c)", "url_img": "https://cdn21vek.by/img/galleries/7352/921/preview/2rca2rca_linly_lighting_627a923c1beb3.jpeg", "url_product": "https://www.21vek.by/cables/2rca2rca_linly_lighting.html", "price": "25.92"}, {"name": "\u0410\u0434\u0430\u043f\u0442\u0435\u0440 Klotz AY5-0200", "url_img": "https://cdn21vek.by/img/galleries/813/500/preview/ay50200_klotz_5c2f8b05903b1.jpeg", "url_product": "https://www.21vek.by/cables/ay50200_klotz.html", "price": "35.00"}, {"name": "\u0410\u0434\u0430\u043f\u0442\u0435\u0440 Hilec CM/XFXM-10", "url_img": "https://cdn21vek.by/img/galleries/5948/168/preview/cmxfxm10_hilec_5e8369491d7c5.jpeg", "url_product": "https://www.21vek.by/cables/cmxfxm10_hilec.html", "price": "54.72"}, {"name": "\u041a\u0430\u0431\u0435\u043b\u044c Roland RCC-5-3535", "url_img": "https://cdn21vek.by/img/galleries/890/905/preview/rcc53535_roland_5ee8a891a94a3.jpeg", "url_product": "https://www.21vek.by/cables/rcc53535_roland.html", "price": "81.36"}, {"name": "\u041a\u0430\u0431\u0435\u043b\u044c Roland RMC-B5", "url_img": "https://cdn21vek.by/img/galleries/890/887/preview/rmcb5_roland_5c7002a3d81aa.jpeg", "url_product": "https://www.21vek.by/cables/rmcb5_roland.html", "price": "92.46"}, {"name": "\u041a\u0430\u0431\u0435\u043b\u044c AURA RCA-B254 MKII (5\u043c)", "url_img": "https://cdn21vek.by/img/galleries/911/909/preview/rcab254mkii_aura__5c990587a9087.jpeg", "url_product": "https://www.21vek.by/cables/rcab254mkii_aura_.html", "price": "85.95"}, {"name": "\u041a\u0430\u0431\u0435\u043b\u044c Rexant 17-0804 (3\u043c)", "url_img": "https://cdn21vek.by/img/galleries/6225/320/preview/170804_rexant_611e1edec6f2e.jpeg", "url_product": "https://www.21vek.by/cables/170804_rexant.html", "price": "16.76"}, {"name": "\u0410\u0434\u0430\u043f\u0442\u0435\u0440 Kupfern KFYC052M (2\u043c)", "url_img": "https://cdn21vek.by/img/galleries/6546/994/preview/kfyc052m_kupfern_60d5a4f3458df.jpeg", "url_product": "https://www.21vek.by/cables/kfyc052m_kupfern.html", "price": "37.50"}, {"name": "\u041a\u0430\u0431\u0435\u043b\u044c ATcom AT0705 Toslink Silver Head (5\u043c)", "url_img": "https://cdn21vek.by/img/galleries/6427/670/preview/at0705toslinksilverhead_atcom_60a7cde08714d.jpeg", "url_product": "https://www.21vek.by/cables/at0705toslinksilverhead_atcom.html", "price": "43.29"}, {"name": "\u0410\u0434\u0430\u043f\u0442\u0435\u0440 Klotz GRG1FM03.0", "url_img": "https://cdn21vek.by/img/galleries/813/337/preview/grg1fm030_klotz_5c20f80c1b712.jpeg", "url_product": "https://www.21vek.by/cables/grg1fm030_klotz.html", "price": "45.00"}, {"name": "\u041a\u0430\u0431\u0435\u043b\u044c Rexant 2x0.75 / 01-6104-3-20 (20\u043c, \u043a\u0440\u0430\u0441\u043d\u044b\u0439/\u0447\u0435\u0440\u043d\u044b\u0439)", "url_img": "https://cdn21vek.by/img/galleries/5685/600/preview/2x075016104320_rexant_5dd50c983c5a0.jpeg", "url_product": "https://www.21vek.by/cables/2x075016104320_rexant.html", "price": "21.99"}, {"name": "\u041a\u0430\u0431\u0435\u043b\u044c AURA RCA-AV81 (8\u043c)", "url_img": "https://cdn21vek.by/img/galleries/5895/882/preview/rcaav81_aura__5e70b9bdc86d2.jpeg", "url_product": "https://www.21vek.by/cables/rcaav81_aura_.html", "price": "27.05"}, {"name": "\u041a\u0430\u0431\u0435\u043b\u044c AURA RCA-C310 (1\u043c)", "url_img": "https://cdn21vek.by/img/galleries/706/489/preview/rcac310_aura__5c98d634a1acd.jpeg", "url_product": "https://www.21vek.by/cables/rcac310_aura_.html", "price": "39.04"}, {"name": "\u0410\u0434\u0430\u043f\u0442\u0435\u0440 Linly Lighting XLR\u043f/\u0441\u0442\u0435\u0440\u0435\u043e\u0434\u0436\u0435\u043a (2\u043c)", "url_img": "https://cdn21vek.by/img/galleries/6052/534/preview/xlr_linly_lighting_01_5f75ddba9be8e.jpeg", "url_product": "https://www.21vek.by/cables/xlr_linly_lighting_01.html", "price": "25.92"}, {"name": "\u0410\u0434\u0430\u043f\u0442\u0435\u0440 Linly Lighting XLR\u043c/\u0441\u0442\u0435\u0440\u0435\u043e\u0434\u0436\u0435\u043a (2\u043c)", "url_img": "https://cdn21vek.by/img/galleries/6052/540/preview/xlr_linly_lighting_5f75dd861ce35.jpeg", "url_product": "https://www.21vek.by/cables/xlr_linly_lighting.html", "price": "25.92"}, {"name": "\u0410\u0434\u0430\u043f\u0442\u0435\u0440 Klotz GRG1FM00.5 (0.5\u043c)", "url_img": "https://cdn21vek.by/img/galleries/1160/384/preview/grg1fm005_klotz_5ddbb8a2b1dfa.jpeg", "url_product": "https://www.21vek.by/cables/grg1fm005_klotz.html", "price": "26.00"}, {"name": "\u041a\u0430\u0431\u0435\u043b\u044c Klotz AY7-0100", "url_img": "https://cdn21vek.by/img/galleries/7554/132/preview/ay70100_klotz_01_62ac4e1de2372.jpeg", "url_product": "https://www.21vek.by/cables/ay70100_klotz_01.html", "price": "35.00"}, {"name": "\u041a\u0430\u0431\u0435\u043b\u044c AURA SCC-3150-10 (10\u043c)", "url_img": "https://cdn21vek.by/img/galleries/5964/862/preview/scc315010_aura__5e8c3236b316d.jpeg", "url_product": "https://www.21vek.by/cables/scc315010_aura_.html", "price": "35.17"}, {"name": "\u041a\u043e\u043d\u043d\u0435\u043a\u0442\u043e\u0440 Neutrik NP3RX", "url_img": "https://cdn21vek.by/img/galleries/872/579/preview/np3rx_neutrik_5cff53c740f4a.png", "url_product": "https://www.21vek.by/cables/np3rx_neutrik.html", "price": "40.46"}, {"name": "\u041a\u0430\u0431\u0435\u043b\u044c AURA RCA-C350 MkII", "url_img": "https://cdn21vek.by/img/galleries/6999/277/preview/rcac350mkii_aura__619cc5860f1f0.jpeg", "url_product": "https://www.21vek.by/cables/rcac350mkii_aura_.html", "price": "66.24"}, {"name": "\u0410\u0434\u0430\u043f\u0442\u0435\u0440 Klotz AY5A0100", "url_img": "https://cdn21vek.by/img/galleries/813/370/preview/ay5a0100_klotz_5c20fc2ee39fc.jpeg", "url_product": "https://www.21vek.by/cables/ay5a0100_klotz.html", "price": "30.00"}, {"name": "\u0423\u0434\u043b\u0438\u043d\u0438\u0442\u0435\u043b\u044c \u043a\u0430\u0431\u0435\u043b\u044f Stagg SMC6 CRD", "url_img": "https://cdn21vek.by/img/galleries/5905/10/preview/smc6crd_stagg_5e874731916e0.jpeg", "url_product": "https://www.21vek.by/cables/smc6crd_stagg.html", "price": "30.40"}, {"name": "\u041a\u0430\u0431\u0435\u043b\u044c Ugreen AV155 / 10190 (2\u043c, \u0447\u0435\u0440\u043d\u044b\u0439)", "url_img": "https://cdn21vek.by/img/galleries/7966/304/preview/av15510190_ugreen_639b28d485c70.jpeg", "url_product": "https://www.21vek.by/cables/av15510190_ugreen.html", "price": "34.51"}, {"name": "\u0410\u0434\u0430\u043f\u0442\u0435\u0440 Klotz AY5-0300", "url_img": "https://cdn21vek.by/img/galleries/813/496/preview/ay50300_klotz_5c2f8bfe73f14.jpeg", "url_product": "https://www.21vek.by/cables/ay50300_klotz.html", "price": "37.00"}, {"name": "\u041a\u0430\u0431\u0435\u043b\u044c Bespeco SLYMSJ300", "url_img": "https://cdn21vek.by/img/galleries/799/126/preview/slymsj300_bespeco_5c65cfe28bab5.jpeg", "url_product": "https://www.21vek.by/cables/slymsj300_bespeco.html", "price": "39.00"}, {"name": "\u0423\u0434\u043b\u0438\u043d\u0438\u0442\u0435\u043b\u044c \u043a\u0430\u0431\u0435\u043b\u044f Stagg SMC10 CRD", "url_img": "https://cdn21vek.by/img/galleries/1084/445/preview/smc10crd_stagg_5f27ff7e045fd.jpeg", "url_product": "https://www.21vek.by/cables/smc10crd_stagg.html", "price": "41.60"}, {"name": "\u0410\u0434\u0430\u043f\u0442\u0435\u0440 Gembird DSC-OPT-RCA-001", "url_img": "https://cdn21vek.by/img/galleries/7538/555/preview/dscoptrca001_gembird_62a352bba068d.jpeg", "url_product": "https://www.21vek.by/cables/dscoptrca001_gembird.html", "price": "63.62"}, {"name": "\u041a\u0430\u0431\u0435\u043b\u044c Rexant 2x0.35 / 01-6202-3-20 (20\u043c, \u043f\u0440\u043e\u0437\u0440\u0430\u0447\u043d\u044b\u0439)", "url_img": "https://cdn21vek.by/img/galleries/7332/165/preview/2x035016202320_rexant_624d4696b98bf.jpeg", "url_product": "https://www.21vek.by/cables/2x035016202320_rexant.html", "price": "16.28"}, {"name": "\u041a\u0430\u0431\u0435\u043b\u044c Rexant 01-6103-3-20", "url_img": "https://cdn21vek.by/img/galleries/1135/596/preview/016103320_rexant_606b176bbb086.jpeg", "url_product": "https://www.21vek.by/cables/016103320_rexant.html", "price": "19.08"}, {"name": "\u041a\u0430\u0431\u0435\u043b\u044c Rexant 2x1.50 / 01-6106-3-20 (20\u043c, \u043a\u0440\u0430\u0441\u043d\u044b\u0439/\u0447\u0435\u0440\u043d\u044b\u0439)", "url_img": "https://cdn21vek.by/img/galleries/5735/384/preview/2x150016106320_rexant_5dd50d0f2d560.jpeg", "url_product": "https://www.21vek.by/cables/2x150016106320_rexant.html", "price": "35.83"}, {"name": "\u0410\u0434\u0430\u043f\u0442\u0435\u0440 Klotz AY5A0300", "url_img": "https://cdn21vek.by/img/galleries/813/481/preview/ay5a0300_klotz_5c20fb8614b1d.jpeg", "url_product": "https://www.21vek.by/cables/ay5a0300_klotz.html", "price": "37.00"}, {"name": "\u041a\u043e\u043d\u043d\u0435\u043a\u0442\u043e\u0440 Neutrik NF-2D-2", "url_img": "https://cdn21vek.by/img/galleries/872/739/preview/nf2d2_neutrik_62bb061884d52.jpeg", "url_product": "https://www.21vek.by/cables/nf2d2_neutrik.html", "price": "41.85"}, {"name": "\u0423\u0434\u043b\u0438\u043d\u0438\u0442\u0435\u043b\u044c \u043a\u0430\u0431\u0435\u043b\u044f Schulz Kabel MOD3 (3\u043c)", "url_img": "https://cdn21vek.by/img/galleries/890/926/preview/kabelmod3_schulz_kabel_5c9904d7c09d8.jpeg", "url_product": "https://www.21vek.by/cables/kabelmod3_schulz_kabel.html", "price": "43.05"}, {"name": "\u041a\u0430\u0431\u0435\u043b\u044c AURA RCA-B25SE (5\u043c)", "url_img": "https://cdn21vek.by/img/galleries/6022/433/preview/rcab25se_aura__61d45e806c4cd.jpeg", "url_product": "https://www.21vek.by/cables/rcab25se_aura_.html", "price": "62.87"}, {"name": "\u041a\u0430\u0431\u0435\u043b\u044c Rexant 2x1.50 BlueLine / 01-6206-3-10 (10\u043c, \u043f\u0440\u043e\u0437\u0440\u0430\u0447\u043d\u044b\u0439)", "url_img": "https://cdn21vek.by/img/galleries/5735/407/preview/2x150blueline016206310_rexant_5dd50f924f4b3.jpeg", "url_product": "https://www.21vek.by/cables/2x150blueline016206310_rexant.html", "price": "23.33"}, {"name": "\u041a\u043e\u043d\u043d\u0435\u043a\u0442\u043e\u0440 AURA RCA-P621", "url_img": "https://cdn21vek.by/img/galleries/5747/39/preview/rcap621_aura__5dd7a55e527c3.jpeg", "url_product": "https://www.21vek.by/cables/rcap621_aura_.html", "price": "23.85"}, {"name": "\u041a\u0430\u0431\u0435\u043b\u044c AURA SCA-B250 (10\u043c)", "url_img": "https://cdn21vek.by/img/galleries/785/19/preview/scab250_aura__5c98e46e30408.jpeg", "url_product": "https://www.21vek.by/cables/scab250_aura_.html", "price": "23.85"}, {"name": "\u041a\u0430\u0431\u0435\u043b\u044c Rexant 01-6204-3-20", "url_img": "https://cdn21vek.by/img/galleries/1135/631/preview/016204320_rexant_606b19670f745.jpeg", "url_product": "https://www.21vek.by/cables/016204320_rexant.html", "price": "25.44"}, {"name": "\u041a\u0430\u0431\u0435\u043b\u044c Hoco US03 HDMI 2.0 (3\u043c, \u0447\u0435\u0440\u043d\u044b\u0439)", "url_img": "https://cdn21vek.by/img/galleries/7911/407/preview/us03hdmi20_hoco_02_63864202591ea.jpeg", "url_product": "https://www.21vek.by/cables/us03hdmi20_hoco_02.html", "price": "27.12"}, {"name": "\u041a\u0430\u0431\u0435\u043b\u044c AURA SCB-1075 (50\u043c)", "url_img": "https://cdn21vek.by/img/galleries/812/169/preview/scb1075_aura__5dc68595604c4.jpeg", "url_product": "https://www.21vek.by/cables/scb1075_aura_.html", "price": "36.43"}, {"name": "\u041a\u043e\u043d\u043d\u0435\u043a\u0442\u043e\u0440 AURA RCA-P618", "url_img": "https://cdn21vek.by/img/galleries/5894/510/preview/rcap618_aura__5e4ba80a47456.jpeg", "url_product": "https://www.21vek.by/cables/rcap618_aura_.html", "price": "36.83"}, {"name": "\u041a\u043e\u043d\u043d\u0435\u043a\u0442\u043e\u0440 Neutrik NF2D-0-RCA", "url_img": "https://cdn21vek.by/img/galleries/872/736/preview/nf2d0rca_neutrik_62bb06e643ff9.jpeg", "url_product": "https://www.21vek.by/cables/nf2d0rca_neutrik.html", "price": "38.39"}, {"name": "\u041a\u0430\u0431\u0435\u043b\u044c AURA RCA-B220 MkII", "url_img": "https://cdn21vek.by/img/galleries/65534/111/preview/rcab220mkii_aura__61a4e59c61484.jpeg", "url_product": "https://www.21vek.by/cables/rcab220mkii_aura_.html", "price": "43.14"}, {"name": "\u0423\u0434\u043b\u0438\u043d\u0438\u0442\u0435\u043b\u044c \u043a\u0430\u0431\u0435\u043b\u044f Bespeco SLFM450", "url_img": "https://cdn21vek.by/img/galleries/794/158/preview/slfm450_bespeco_5c51b408e8e76.jpeg", "url_product": "https://www.21vek.by/cables/slfm450_bespeco.html", "price": "45.00"}, {"name": "\u041a\u043e\u043d\u043d\u0435\u043a\u0442\u043e\u0440 AURA RCA-BY21 MkII", "url_img": "https://cdn21vek.by/img/galleries/706/475/preview/rcaby21mkii_aura__5cfe58a7b6457.jpeg", "url_product": "https://www.21vek.by/cables/rcaby21mkii_aura_.html", "price": "45.20"}, {"name": "\u0423\u0434\u043b\u0438\u043d\u0438\u0442\u0435\u043b\u044c \u043a\u0430\u0431\u0435\u043b\u044f Klotz GRG1FM01.5 (1.5\u043c)", "url_img": "https://cdn21vek.by/img/galleries/65603/499/preview/grg1fm015_klotz_61b3535c253b8.jpeg", "url_product": "https://www.21vek.by/cables/grg1fm015_klotz.html", "price": "49.00"}, {"name": "\u041a\u0430\u0431\u0435\u043b\u044c AURA RCA-C320 MkII", "url_img": "https://cdn21vek.by/img/galleries/6584/924/preview/rcac320mkii_aura__6193be011a61c.jpeg", "url_product": "https://www.21vek.by/cables/rcac320mkii_aura_.html", "price": "51.55"}, {"name": "\u0423\u0434\u043b\u0438\u043d\u0438\u0442\u0435\u043b\u044c \u043a\u0430\u0431\u0435\u043b\u044f Bespeco SLFM900", "url_img": "https://cdn21vek.by/img/galleries/794/161/preview/slfm900_bespeco_5c51b457ded9e.jpeg", "url_product": "https://www.21vek.by/cables/slfm900_bespeco.html", "price": "55.00"}, {"name": "\u041a\u0430\u0431\u0435\u043b\u044c AURA SCB-1250 (50\u043c)", "url_img": "https://cdn21vek.by/img/galleries/812/180/preview/scb1250_aura__5dc6879e1f2b1.jpeg", "url_product": "https://www.21vek.by/cables/scb1250_aura_.html", "price": "68.15"}, {"name": "\u041a\u0430\u0431\u0435\u043b\u044c PROconnect \u0428\u0412\u041f\u041c / 01-6104-6", "url_img": "https://cdn21vek.by/img/galleries/5787/346/preview/0161046_proconnect_5ddbbf900192e.jpeg", "url_product": "https://www.21vek.by/cables/0161046_proconnect.html", "price": "84.78"}, {"name": "\u041a\u043e\u043d\u0432\u0435\u0440\u0442\u0435\u0440 \u0446\u0438\u0444\u0440\u043e\u0432\u043e\u0439 Cablexpert DSC-HDMI-CVBS-001", "url_img": "https://cdn21vek.by/img/galleries/512/328/preview/dschdmicvbs001_cablexpert__5a72f2dd484a7.jpeg", "url_product": "https://www.21vek.by/cables/dschdmicvbs001_cablexpert_.html", "price": "113.74"}, {"name": "\u041a\u043e\u043d\u043d\u0435\u043a\u0442\u043e\u0440 Neutrik RT4FC-B", "url_img": "https://cdn21vek.by/img/galleries/872/660/preview/rt4fcb_neutrik_5cff5a6131644.jpeg", "url_product": "https://www.21vek.by/cables/rt4fcb_neutrik.html", "price": "11.67"}, {"name": "\u041a\u0430\u0431\u0435\u043b\u044c Schulz Kabel IS90 (0.9\u043c)", "url_img": "https://cdn21vek.by/img/galleries/7532/467/preview/is90_schulz_kabel_629f5f601f7f8.jpeg", "url_product": "https://www.21vek.by/cables/is90_schulz_kabel.html", "price": "16.80"}, {"name": "\u041a\u0430\u0431\u0435\u043b\u044c Bespeco ULK300 (3\u043c)", "url_img": "https://cdn21vek.by/img/galleries/1125/793/preview/ulk300_bespeco_5d6945740250a.jpeg", "url_product": "https://www.21vek.by/cables/ulk300_bespeco.html", "price": "26.00"}, {"name": "\u0423\u0434\u043b\u0438\u043d\u0438\u0442\u0435\u043b\u044c \u043a\u0430\u0431\u0435\u043b\u044f Stagg SMC6 CBL", "url_img": "https://cdn21vek.by/img/galleries/6115/212/preview/smc6cbl_stagg_5f5b6745362e0.jpeg", "url_product": "https://www.21vek.by/cables/smc6cbl_stagg.html", "price": "30.40"}, {"name": "\u0410\u0434\u0430\u043f\u0442\u0435\u0440 Stagg SMC10XP", "url_img": "https://cdn21vek.by/img/galleries/932/732/preview/smc10xp_stagg_5d7f7b54d8bff.jpeg", "url_product": "https://www.21vek.by/cables/smc10xp_stagg.html", "price": "35.20"}, {"name": "\u041a\u0430\u0431\u0435\u043b\u044c AURA RCA-A154 MkII (5\u043c)", "url_img": "https://cdn21vek.by/img/galleries/706/424/preview/rcaa154mkii_aura__5c37867b23a7c.jpeg", "url_product": "https://www.21vek.by/cables/rcaa154mkii_aura_.html", "price": "39.04"}, {"name": "\u041a\u0430\u0431\u0435\u043b\u044c AURA RCA-\u0412250 (5\u043c)", "url_img": "https://cdn21vek.by/img/galleries/706/737/preview/rca250_aura__5c98d6f000925.jpeg", "url_product": "https://www.21vek.by/cables/rca250_aura_.html", "price": "39.04"}, {"name": "\u041a\u043e\u043d\u043d\u0435\u043a\u0442\u043e\u0440 Neutrik NAC3FCB", "url_img": "https://cdn21vek.by/img/galleries/872/596/preview/nac3fcb_neutrik_5cff5431803b3.png", "url_product": "https://www.21vek.by/cables/nac3fcb_neutrik.html", "price": "39.06"}, {"name": "\u0410\u0434\u0430\u043f\u0442\u0435\u0440 Stagg NMC-3XPR", "url_img": "https://cdn21vek.by/img/galleries/932/728/preview/nmc3xpr_stagg_5c9a0a6959857.jpeg", "url_product": "https://www.21vek.by/cables/nmc3xpr_stagg.html", "price": "41.60"}, {"name": "\u041a\u043e\u043d\u043d\u0435\u043a\u0442\u043e\u0440 AURA RCA-BY1 SE", "url_img": "https://cdn21vek.by/img/galleries/7164/804/preview/rcaby1se_aura__62bb03d164430.jpeg", "url_product": "https://www.21vek.by/cables/rcaby1se_aura_.html", "price": "45.20"}, {"name": "\u041a\u0430\u0431\u0435\u043b\u044c AURA RCA-B22SE (2\u043c)", "url_img": "https://cdn21vek.by/img/galleries/5808/986/preview/rcab22se_aura__62447764d8382.jpeg", "url_product": "https://www.21vek.by/cables/rcab22se_aura_.html", "price": "51.37"}, {"name": "\u0410\u0434\u0430\u043f\u0442\u0435\u0440 Klotz GRG1FM05.0", "url_img": "https://cdn21vek.by/img/galleries/813/433/preview/grg1fm050_klotz_5c20f859b2df7.jpeg", "url_product": "https://www.21vek.by/cables/grg1fm050_klotz.html", "price": "52.00"}, {"name": "\u0410\u0434\u0430\u043f\u0442\u0435\u0440 Klotz GRG1FM02.0", "url_img": "https://cdn21vek.by/img/galleries/813/336/preview/grg1fm020_klotz_5c20f7cb9bb44.jpeg", "url_product": "https://www.21vek.by/cables/grg1fm020_klotz.html", "price": "54.00"}, {"name": "\u041a\u0430\u0431\u0435\u043b\u044c Klotz AY7A0200", "url_img": "https://cdn21vek.by/img/galleries/813/367/preview/ay7a0200_klotz_5c21007871a30.jpeg", "url_product": "https://www.21vek.by/cables/ay7a0200_klotz.html", "price": "55.00"}, {"name": "\u041a\u043e\u043d\u043d\u0435\u043a\u0442\u043e\u0440 AURA RCA-BY11 MkII", "url_img": "https://cdn21vek.by/img/galleries/706/470/preview/rcaby11mkii_aura__5cfe57fba584b.jpeg", "url_product": "https://www.21vek.by/cables/rcaby11mkii_aura_.html", "price": "56.78"}, {"name": "\u041a\u0430\u0431\u0435\u043b\u044c Klotz AT-JJ0600", "url_img": "https://cdn21vek.by/img/galleries/813/421/preview/atjj0600_klotz_5c2f900017b42.jpeg", "url_product": "https://www.21vek.by/cables/atjj0600_klotz.html", "price": "75.00"}, {"name": "\u041a\u043e\u043d\u043d\u0435\u043a\u0442\u043e\u0440 Neutrik NLT4MX", "url_img": "https://cdn21vek.by/img/galleries/872/677/preview/nlt4mx_neutrik_5cff5b4d500a3.png", "url_product": "https://www.21vek.by/cables/nlt4mx_neutrik.html", "price": "91.37"}, {"name": "\u041a\u043e\u043d\u043d\u0435\u043a\u0442\u043e\u0440 Neutrik Rean / RT5FC-B", "url_img": "https://cdn21vek.by/img/galleries/7317/669/preview/reanrt5fcb_neutrik_627a9b15e25f8.jpeg", "url_product": "https://www.21vek.by/cables/reanrt5fcb_neutrik.html", "price": "13.23"}, {"name": "\u041a\u043e\u043d\u043d\u0435\u043a\u0442\u043e\u0440 Electro-Harmonix RCA EH 3502A Switchcraft", "url_img": "https://cdn21vek.by/img/galleries/7105/292/preview/rcaeh3502aswitchcraft_electro_harmonix_61eaced184558.jpeg", "url_product": "https://www.21vek.by/cables/rcaeh3502aswitchcraft_electro_harmonix.html", "price": "13.56"}, {"name": "\u041a\u043e\u043d\u043d\u0435\u043a\u0442\u043e\u0440 Bespeco SK102/4P", "url_img": "https://cdn21vek.by/img/galleries/867/428/preview/sk1024p_bespeco_5cf9058601dc3.jpeg", "url_product": "https://www.21vek.by/cables/sk1024p_bespeco.html", "price": "16.32"}, {"name": "\u041a\u0430\u0431\u0435\u043b\u044c Rexant 2x0.75 / 01-6104-3-10 (10\u043c, \u043a\u0440\u0430\u0441\u043d\u044b\u0439/\u0447\u0435\u0440\u043d\u044b\u0439)", "url_img": "https://cdn21vek.by/img/galleries/5735/376/preview/2x075016104310_rexant_5dd50c3088fcb.jpeg", "url_product": "https://www.21vek.by/cables/2x075016104310_rexant.html", "price": "16.68"}, {"name": "\u041a\u043e\u043d\u043d\u0435\u043a\u0442\u043e\u0440 Bespeco SK101/4P", "url_img": "https://cdn21vek.by/img/galleries/876/380/preview/sk1014p_bespeco_61eace1756f8e.jpeg", "url_product": "https://www.21vek.by/cables/sk1014p_bespeco.html", "price": "18.30"}, {"name": "\u041a\u0430\u0431\u0435\u043b\u044c Rexant 06-3010", "url_img": "https://cdn21vek.by/img/galleries/6808/358/preview/063010_rexant_6124f71160910.jpeg", "url_product": "https://www.21vek.by/cables/063010_rexant.html", "price": "19.10"}, {"name": "\u0423\u0434\u043b\u0438\u043d\u0438\u0442\u0435\u043b\u044c \u043a\u0430\u0431\u0435\u043b\u044f JB Systems CM/XFXM-1.5m", "url_img": "https://cdn21vek.by/img/galleries/6180/815/preview/cmxfxm15m_jbsystems_6107c0fcee178.jpeg", "url_product": "https://www.21vek.by/cables/cmxfxm15m_jbsystems.html", "price": "21.06"}, {"name": "\u041a\u0430\u0431\u0435\u043b\u044c Rexant 2x0.50 / 01-6303-10 (10\u043c, \u043f\u0440\u043e\u0437\u0440\u0430\u0447\u043d\u044b\u0439)", "url_img": "https://cdn21vek.by/img/galleries/7350/621/preview/2x05001630310_rexant_624d4a7d108f0.jpeg", "url_product": "https://www.21vek.by/cables/2x05001630310_rexant.html", "price": "22.52"}, {"name": "\u041a\u0430\u0431\u0435\u043b\u044c/\u043f\u0435\u0440\u0435\u0445\u043e\u0434\u043d\u0438\u043a Stagg SYC3/PS2P E", "url_img": "https://cdn21vek.by/img/galleries/932/738/preview/syc3ps2pe_stagg_5de640cd4845a.jpeg", "url_product": "https://www.21vek.by/cables/syc3ps2pe_stagg.html", "price": "23.85"}, {"name": "\u0410\u0434\u0430\u043f\u0442\u0435\u0440 Stagg SAC3PSXM DL XLR Male/St Jack (3\u043c)", "url_img": "https://cdn21vek.by/img/galleries/6371/646/preview/sac3psxmdlxlrmalestjack_stagg_6137391ccd132.jpeg", "url_product": "https://www.21vek.by/cables/sac3psxmdlxlrmalestjack_stagg.html", "price": "24.00"}, {"name": "\u041a\u0430\u0431\u0435\u043b\u044c Topp Pro TP SCX02LU015", "url_img": "https://cdn21vek.by/img/galleries/797/629/preview/tpscx02lu015_topp_pro_5c3c42ebda74e.jpeg", "url_product": "https://www.21vek.by/cables/tpscx02lu015_topp_pro.html", "price": "24.30"}, {"name": "\u041a\u0430\u0431\u0435\u043b\u044c Kupfern KFGC263M (3\u043c)", "url_img": "https://cdn21vek.by/img/galleries/6482/141/preview/kfgc263m_kupfern_60d597237c538.jpeg", "url_product": "https://www.21vek.by/cables/kfgc263m_kupfern.html", "price": "24.48"}, {"name": "\u041a\u0430\u0431\u0435\u043b\u044c AURA RCA-AN24 (2\u043c)", "url_img": "https://cdn21vek.by/img/galleries/5895/878/preview/rcaan24_aura__63b7f83753d7f.jpeg", "url_product": "https://www.21vek.by/cables/rcaan24_aura_.html", "price": "25.05"}, {"name": "\u0410\u0434\u0430\u043f\u0442\u0435\u0440 Kupfern KFAC212M (2\u043c)", "url_img": "https://cdn21vek.by/img/galleries/6546/990/preview/kfac212m_kupfern_60d595693939f.jpeg", "url_product": "https://www.21vek.by/cables/kfac212m_kupfern.html", "price": "25.98"}, {"name": "\u041a\u0430\u0431\u0435\u043b\u044c Hilec CM/XFXM-3", "url_img": "https://cdn21vek.by/img/galleries/6215/886/preview/cmxfxm3_hilec_644cc9cfe561c.jpeg", "url_product": "https://www.21vek.by/cables/cmxfxm3_hilec.html", "price": "27.36"}, {"name": "\u0410\u0434\u0430\u043f\u0442\u0435\u0440 Kupfern KFAC213M (3\u043c)", "url_img": "https://cdn21vek.by/img/galleries/6547/31/preview/kfac213m_kupfern_60d595e249c28.jpeg", "url_product": "https://www.21vek.by/cables/kfac213m_kupfern.html", "price": "27.48"}, {"name": "\u041a\u043e\u043d\u043d\u0435\u043a\u0442\u043e\u0440 Neutrik NC3FX", "url_img": "https://cdn21vek.by/img/galleries/6035/825/preview/nc3fx_neutrik_5f75bde8693b7.jpeg", "url_product": "https://www.21vek.by/cables/nc3fx_neutrik.html", "price": "27.54"}, {"name": "\u041a\u043e\u043d\u043d\u0435\u043a\u0442\u043e\u0440 AURA RCA-P410", "url_img": "https://cdn21vek.by/img/galleries/5747/35/preview/rcap410_aura__5dd7a0292d504.jpeg", "url_product": "https://www.21vek.by/cables/rcap410_aura_.html", "price": "27.81"}, {"name": "\u041a\u043e\u043d\u043d\u0435\u043a\u0442\u043e\u0440 AURA RCA-P403", "url_img": "https://cdn21vek.by/img/galleries/706/801/preview/rcap403_aura__5cf8fa1628c77.jpeg", "url_product": "https://www.21vek.by/cables/rcap403_aura_.html", "price": "27.81"}, {"name": "\u041a\u043e\u043d\u043d\u0435\u043a\u0442\u043e\u0440 AURA RCA-P612", "url_img": "https://cdn21vek.by/img/galleries/706/828/preview/rcap612_aura__5cf8fcaccfd21.jpeg", "url_product": "https://www.21vek.by/cables/rcap612_aura_.html", "price": "28.62"}, {"name": "\u041a\u043e\u043d\u043d\u0435\u043a\u0442\u043e\u0440 Swat SRCA-01", "url_img": "https://cdn21vek.by/img/galleries/798/892/preview/srca01_swat_5cfe63e2f1c78.jpeg", "url_product": "https://www.21vek.by/cables/srca01_swat.html", "price": "29.00"}, {"name": "\u041a\u0430\u0431\u0435\u043b\u044c Rexant 06-3051", "url_img": "https://cdn21vek.by/img/galleries/6808/165/preview/063051_rexant_6124f768272ce.jpeg", "url_product": "https://www.21vek.by/cables/063051_rexant.html", "price": "29.45"}, {"name": "\u041a\u0430\u0431\u0435\u043b\u044c Kupfern KRSA252M (2\u043c)", "url_img": "https://cdn21vek.by/img/galleries/6546/995/preview/krsa252m_kupfern_60d5a9b501651.jpeg", "url_product": "https://www.21vek.by/cables/krsa252m_kupfern.html", "price": "29.46"}, {"name": "\u0410\u0434\u0430\u043f\u0442\u0435\u0440 Kupfern KFAC203M (3\u043c)", "url_img": "https://cdn21vek.by/img/galleries/6547/33/preview/kfac203m_kupfern_60d594e98339e.jpeg", "url_product": "https://www.21vek.by/cables/kfac203m_kupfern.html", "price": "29.46"}, {"name": "\u041a\u0430\u0431\u0435\u043b\u044c Hilec CL36/3", "url_img": "https://cdn21vek.by/img/galleries/5948/182/preview/cl363_hilec_5e874024654c8.jpeg", "url_product": "https://www.21vek.by/cables/cl363_hilec.html", "price": "29.58"}, {"name": "\u041a\u043e\u043d\u043d\u0435\u043a\u0442\u043e\u0440 AURA RCA-P619", "url_img": "https://cdn21vek.by/img/galleries/5894/511/preview/rcap619_aura__5e4ba99045163.jpeg", "url_product": "https://www.21vek.by/cables/rcap619_aura_.html", "price": "29.82"}, {"name": "\u041a\u043e\u043d\u043d\u0435\u043a\u0442\u043e\u0440 AURA RCA-P601", "url_img": "https://cdn21vek.by/img/galleries/706/806/preview/rcap601_aura__5cf8fae4742b9.jpeg", "url_product": "https://www.21vek.by/cables/rcap601_aura_.html", "price": "29.82"}, {"name": "\u041a\u0430\u0431\u0435\u043b\u044c Kupfern KFGC213M (3\u043c)", "url_img": "https://cdn21vek.by/img/galleries/6541/496/preview/kfgc213m_kupfern_60d59664dd9a6.jpeg", "url_product": "https://www.21vek.by/cables/kfgc213m_kupfern.html", "price": "30.00"}, {"name": "\u041a\u0430\u0431\u0435\u043b\u044c Topp Pro TP SCX02LU03", "url_img": "https://cdn21vek.by/img/galleries/797/628/preview/tpscx02lu03_topp_pro_5c3c4272c90f1.jpeg", "url_product": "https://www.21vek.by/cables/tpscx02lu03_topp_pro.html", "price": "30.00"}, {"name": "\u041a\u0430\u0431\u0435\u043b\u044c Hilec CL-07/6 (6\u043c)", "url_img": "https://cdn21vek.by/img/galleries/6215/880/preview/cl076_hilec_5f9857f568fed.jpeg", "url_product": "https://www.21vek.by/cables/cl076_hilec.html", "price": "31.44"}, {"name": "\u041a\u0430\u0431\u0435\u043b\u044c Bespeco CV8", "url_img": "https://cdn21vek.by/img/galleries/867/446/preview/cv8_bespeco_5d2dd2eaf37ea.jpeg", "url_product": "https://www.21vek.by/cables/cv8_bespeco.html", "price": "32.76"}, {"name": "\u041a\u043e\u043d\u043d\u0435\u043a\u0442\u043e\u0440 Neutrik NTP3RC-B", "url_img": "https://cdn21vek.by/img/galleries/1144/870/preview/ntp3rcb_neutrik_625d227155b5f.jpeg", "url_product": "https://www.21vek.by/cables/ntp3rcb_neutrik.html", "price": "34.13"}, {"name": "\u0410\u0434\u0430\u043f\u0442\u0435\u0440 Kupfern KFYC042M (2\u043c)", "url_img": "https://cdn21vek.by/img/galleries/6546/992/preview/kfyc042m_kupfern_60d5a3e1b94cd.jpeg", "url_product": "https://www.21vek.by/cables/kfyc042m_kupfern.html", "price": "34.50"}, {"name": "\u0410\u0434\u0430\u043f\u0442\u0435\u0440 Kupfern KFAC205M (5\u043c)", "url_img": "https://cdn21vek.by/img/galleries/6547/14/preview/kfac205m_kupfern_60d5952440dc7.jpeg", "url_product": "https://www.21vek.by/cables/kfac205m_kupfern.html", "price": "34.50"}, {"name": "\u0423\u0434\u043b\u0438\u043d\u0438\u0442\u0435\u043b\u044c \u043a\u0430\u0431\u0435\u043b\u044f Kupfern KFMC043M (3\u043c)", "url_img": "https://cdn21vek.by/img/galleries/6546/969/preview/kfmc043m_kupfern_60d59dad7557a.jpeg", "url_product": "https://www.21vek.by/cables/kfmc043m_kupfern.html", "price": "34.98"}, {"name": "\u041a\u0430\u0431\u0435\u043b\u044c Kupfern KFAC145M (5\u043c)", "url_img": "https://cdn21vek.by/img/galleries/6547/17/preview/kfac145m_kupfern_60d59118b56cc.jpeg", "url_product": "https://www.21vek.by/cables/kfac145m_kupfern.html", "price": "34.98"}, {"name": "\u041a\u0430\u0431\u0435\u043b\u044c Kupfern KFGC266M (6\u043c)", "url_img": "https://cdn21vek.by/img/galleries/6541/501/preview/kfgc266m_kupfern_60d5978feea79.jpeg", "url_product": "https://www.21vek.by/cables/kfgc266m_kupfern.html", "price": "34.98"}, {"name": "\u041a\u043e\u043d\u043d\u0435\u043a\u0442\u043e\u0440 Swat SRCA-04", "url_img": "https://cdn21vek.by/img/galleries/798/907/preview/srca04_swat_5cfe65b674a28.jpeg", "url_product": "https://www.21vek.by/cables/srca04_swat.html", "price": "36.00"}, {"name": "\u0410\u0434\u0430\u043f\u0442\u0435\u0440 Klotz GRG1FM01.0", "url_img": "https://cdn21vek.by/img/galleries/813/334/preview/grg1fm010_klotz_5c20f6da3124b.jpeg", "url_product": "https://www.21vek.by/cables/grg1fm010_klotz.html", "price": "37.00"}, {"name": "\u0410\u0434\u0430\u043f\u0442\u0435\u0440 Kupfern KFYC181M (1\u043c)", "url_img": "https://cdn21vek.by/img/galleries/6546/986/preview/kfyc181m_kupfern_60d5a65887d77.jpeg", "url_product": "https://www.21vek.by/cables/kfyc181m_kupfern.html", "price": "37.50"}, {"name": "\u041a\u043e\u043d\u043d\u0435\u043a\u0442\u043e\u0440 Neutrik NP2RX-B", "url_img": "https://cdn21vek.by/img/galleries/872/725/preview/np2rxb_neutrik_5cff5fc235d75.png", "url_product": "https://www.21vek.by/cables/np2rxb_neutrik.html", "price": "38.39"}, {"name": "\u041a\u043e\u043d\u043d\u0435\u043a\u0442\u043e\u0440 Neutrik NC4FXX", "url_img": "https://cdn21vek.by/img/galleries/872/652/preview/nc4fxx_neutrik_5cff594608bd3.png", "url_product": "https://www.21vek.by/cables/nc4fxx_neutrik.html", "price": "38.39"}, {"name": "\u041a\u0430\u0431\u0435\u043b\u044c Invotone ACI1003/BK", "url_img": "https://cdn21vek.by/img/galleries/8077/629/preview/aci1003bk_invotone_63d3e86540763.jpeg", "url_product": "https://www.21vek.by/cables/aci1003bk_invotone.html", "price": "38.60"}, {"name": "\u041a\u043e\u043d\u043d\u0435\u043a\u0442\u043e\u0440 Neutrik NC4FD-L-1", "url_img": "https://cdn21vek.by/img/galleries/872/669/preview/nc4fdl1_neutrik_628f94652ded7.jpeg", "url_product": "https://www.21vek.by/cables/nc4fdl1_neutrik.html", "price": "39.06"}, {"name": "\u0423\u0434\u043b\u0438\u043d\u0438\u0442\u0435\u043b\u044c \u043a\u0430\u0431\u0435\u043b\u044f Hilec CL-2XM2XF/0.6", "url_img": "https://cdn21vek.by/img/galleries/6215/899/preview/cl2xm2xf06_hilec_5f992e8e0a8f7.jpeg", "url_product": "https://www.21vek.by/cables/cl2xm2xf06_hilec.html", "price": "39.18"}, {"name": "\u0410\u0434\u0430\u043f\u0442\u0435\u0440 Kupfern KFYC043M (3\u043c)", "url_img": "https://cdn21vek.by/img/galleries/6547/28/preview/kfyc043m_kupfern_60d5a4192d3e8.jpeg", "url_product": "https://www.21vek.by/cables/kfyc043m_kupfern.html", "price": "39.48"}, {"name": "\u041a\u0430\u0431\u0435\u043b\u044c Saramonic EA2L (0.15\u043c)", "url_img": "https://cdn21vek.by/img/galleries/7540/780/preview/ea2l_saramonic_62a2da84f2bef.jpeg", "url_product": "https://www.21vek.by/cables/ea2l_saramonic.html", "price": "39.50"}, {"name": "\u041a\u0430\u0431\u0435\u043b\u044c Invotone INSC500", "url_img": "https://cdn21vek.by/img/galleries/8046/2/preview/insc500_invotone_63c17656710af.jpeg", "url_product": "https://www.21vek.by/cables/insc500_invotone.html", "price": "39.82"}, {"name": "\u041a\u0430\u0431\u0435\u043b\u044c Soundking BB103-2M", "url_img": "https://cdn21vek.by/img/galleries/7754/305/preview/bb1032m_soundking_6345a88015eb5.jpeg", "url_product": "https://www.21vek.by/cables/bb1032m_soundking.html", "price": "40.22"}, {"name": "\u041a\u043e\u043d\u043d\u0435\u043a\u0442\u043e\u0440 AURA RCA-P616", "url_img": "https://cdn21vek.by/img/galleries/5894/507/preview/rcap616_aura__5e4ba5402a49a.jpeg", "url_product": "https://www.21vek.by/cables/rcap616_aura_.html", "price": "41.06"}, {"name": "\u0410\u0434\u0430\u043f\u0442\u0435\u0440 Stagg NMC-3R", "url_img": "https://cdn21vek.by/img/galleries/936/902/preview/nmc3r_stagg_5c9a0eeb0d805.jpeg", "url_product": "https://www.21vek.by/cables/nmc3r_stagg.html", "price": "41.60"}, {"name": "\u041a\u0430\u0431\u0435\u043b\u044c Kupfern KFGC216M", "url_img": "https://cdn21vek.by/img/galleries/6541/502/preview/kfgc216m_kupfern_60d596deb95d7.jpeg", "url_product": "https://www.21vek.by/cables/kfgc216m_kupfern.html", "price": "42.48"}, {"name": "\u041a\u0430\u0431\u0435\u043b\u044c Rexant BlueLine 01-6206-3-20", "url_img": "https://cdn21vek.by/img/galleries/7945/478/preview/blueline016206320_rexant_63da268029ca4.jpeg", "url_product": "https://www.21vek.by/cables/blueline016206320_rexant.html", "price": "42.59"}, {"name": "\u041a\u0430\u0431\u0435\u043b\u044c Bespeco CV12", "url_img": "https://cdn21vek.by/img/galleries/867/447/preview/cv12_bespeco_5d2dd48c18b69.jpeg", "url_product": "https://www.21vek.by/cables/cv12_bespeco.html", "price": "42.90"}, {"name": "\u0423\u0434\u043b\u0438\u043d\u0438\u0442\u0435\u043b\u044c \u043a\u0430\u0431\u0435\u043b\u044f Hilec CL-2XM2XF/1.5", "url_img": "https://cdn21vek.by/img/galleries/6215/906/preview/cl2xm2xf15_hilec_5f992f316f4e1.jpeg", "url_product": "https://www.21vek.by/cables/cl2xm2xf15_hilec.html", "price": "43.26"}, {"name": "\u041a\u0430\u0431\u0435\u043b\u044c Hilec CL24/6", "url_img": "https://cdn21vek.by/img/galleries/6215/919/preview/cl246_hilec_5f99300e5e1d4.jpeg", "url_product": "https://www.21vek.by/cables/cl246_hilec.html", "price": "43.26"}, {"name": "\u041a\u0430\u0431\u0435\u043b\u044c PROconnect \u0428\u0412\u041f\u041c / 01-6101-6 (100\u043c, \u043a\u0440\u0430\u0441\u043d\u044b\u0439/\u0447\u0435\u0440\u043d\u044b\u0439)", "url_img": "https://cdn21vek.by/img/galleries/6786/585/preview/0161016_proconnect_611e15e60e8ef.jpeg", "url_product": "https://www.21vek.by/cables/0161016_proconnect.html", "price": "43.52"}, {"name": "\u041a\u0430\u0431\u0435\u043b\u044c Invotone ACM1102/BK", "url_img": "https://cdn21vek.by/img/galleries/8046/11/preview/acm1102bk_invotone_63c01832a12f6.jpeg", "url_product": "https://www.21vek.by/cables/acm1102bk_invotone.html", "price": "43.99"}, {"name": "\u041a\u0430\u0431\u0435\u043b\u044c Invotone ACM1005/BK", "url_img": "https://cdn21vek.by/img/galleries/8077/617/preview/acm1005bk_invotone_63d3e8ce4b129.jpeg", "url_product": "https://www.21vek.by/cables/acm1005bk_invotone.html", "price": "44.13"}, {"name": "\u0410\u0434\u0430\u043f\u0442\u0435\u0440 Linly Lighting 2RCA/2Jack (1.5\u043c)", "url_img": "https://cdn21vek.by/img/galleries/65580/991/preview/2rca2jack_linly_lighting_61b87b9019ec9.jpeg", "url_product": "https://www.21vek.by/cables/2rca2jack_linly_lighting.html", "price": "44.43"}, {"name": "\u0410\u0434\u0430\u043f\u0442\u0435\u0440 Kupfern KFYC193M (3\u043c)", "url_img": "https://cdn21vek.by/img/galleries/6547/22/preview/kfyc193m_kupfern_60d5a7287791f.jpeg", "url_product": "https://www.21vek.by/cables/kfyc193m_kupfern.html", "price": "44.46"}, {"name": "\u041a\u043e\u043d\u043d\u0435\u043a\u0442\u043e\u0440 Neutrik NJ3FC6", "url_img": "https://cdn21vek.by/img/galleries/872/625/preview/nj3fc6_neutrik_5cff582655eb1.png", "url_product": "https://www.21vek.by/cables/nj3fc6_neutrik.html", "price": "44.64"}, {"name": "\u041a\u0430\u0431\u0435\u043b\u044c Bespeco DRAG300RDFL (3\u043c)", "url_img": "https://cdn21vek.by/img/galleries/6733/67/preview/drag300rdfl_bespeco_61b33db695b9d.jpeg", "url_product": "https://www.21vek.by/cables/drag300rdfl_bespeco.html", "price": "45.00"}, {"name": "\u041a\u0430\u0431\u0435\u043b\u044c Bespeco DRAG300GNFL (3\u043c)", "url_img": "https://cdn21vek.by/img/galleries/6733/70/preview/drag300gnfl_bespeco_61b33ce53120d.jpeg", "url_product": "https://www.21vek.by/cables/drag300gnfl_bespeco.html", "price": "45.00"}, {"name": "\u041a\u0430\u0431\u0435\u043b\u044c Bespeco SLYS2J300", "url_img": "https://cdn21vek.by/img/galleries/862/503/preview/slys2j300_bespeco_5c65cd1de75cc.jpeg", "url_product": "https://www.21vek.by/cables/slys2j300_bespeco.html", "price": "45.00"}, {"name": "\u0410\u0434\u0430\u043f\u0442\u0435\u0440 Kupfern KFYC053M (3\u043c)", "url_img": "https://cdn21vek.by/img/galleries/6547/26/preview/kfyc053m_kupfern_60d5a53ec7299.jpeg", "url_product": "https://www.21vek.by/cables/kfyc053m_kupfern.html", "price": "45.00"}, {"name": "\u0423\u0434\u043b\u0438\u043d\u0438\u0442\u0435\u043b\u044c \u043a\u0430\u0431\u0435\u043b\u044f Kupfern KFMC045M (5\u043c)", "url_img": "https://cdn21vek.by/img/galleries/6541/508/preview/kfmc045m_kupfern_60d59df2c27f3.jpeg", "url_product": "https://www.21vek.by/cables/kfmc045m_kupfern.html", "price": "45.00"}, {"name": "\u041a\u0430\u0431\u0435\u043b\u044c/\u043f\u0435\u0440\u0435\u0445\u043e\u0434\u043d\u0438\u043a Accutone AU8250", "url_img": "https://cdn21vek.by/img/galleries/6661/847/preview/au8250_accutone_6284eb89ef4a2.jpeg", "url_product": "https://www.21vek.by/cables/au8250_accutone.html", "price": "46.13"}, {"name": "\u041a\u0430\u0431\u0435\u043b\u044c Invotone ACM1103/BK", "url_img": "https://cdn21vek.by/img/galleries/8045/991/preview/acm1103bk_invotone_63c0186216f9d.jpeg", "url_product": "https://www.21vek.by/cables/acm1103bk_invotone.html", "price": "46.62"}, {"name": "\u0410\u0434\u0430\u043f\u0442\u0435\u0440 Kupfern KFYC045M (5\u043c)", "url_img": "https://cdn21vek.by/img/galleries/6547/11/preview/kfyc045m_kupfern_60d5a452072df.jpeg", "url_product": "https://www.21vek.by/cables/kfyc045m_kupfern.html", "price": "47.46"}, {"name": "\u041a\u0430\u0431\u0435\u043b\u044c Invotone ACA1005", "url_img": "https://cdn21vek.by/img/galleries/8045/997/preview/aca1005_invotone_63d3e7fb5204f.jpeg", "url_product": "https://www.21vek.by/cables/aca1005_invotone.html", "price": "47.49"}, {"name": "\u041a\u0430\u0431\u0435\u043b\u044c Invotone ACI1005/BK", "url_img": "https://cdn21vek.by/img/galleries/8077/632/preview/aci1005bk_invotone_63d3e8a426875.jpeg", "url_product": "https://www.21vek.by/cables/aci1005bk_invotone.html", "price": "47.57"}, {"name": "\u041a\u0430\u0431\u0435\u043b\u044c Romance \u0410-047\u0410", "url_img": "https://cdn21vek.by/img/galleries/6885/54/preview/047_romance_01_633adb9086bc3.jpeg", "url_product": "https://www.21vek.by/cables/047_romance_01.html", "price": "47.62"}, {"name": "\u041a\u0430\u0431\u0435\u043b\u044c Invotone ACA2005", "url_img": "https://cdn21vek.by/img/galleries/8046/9/preview/aca2005_invotone_63c175ba53aa7.jpeg", "url_product": "https://www.21vek.by/cables/aca2005_invotone.html", "price": "47.71"}, {"name": "\u041a\u0430\u0431\u0435\u043b\u044c Invotone ACM1105/BK", "url_img": "https://cdn21vek.by/img/galleries/8046/6/preview/acm1105bk_invotone_63c0189580277.jpeg", "url_product": "https://www.21vek.by/cables/acm1105bk_invotone.html", "price": "48.24"}, {"name": "\u0410\u0434\u0430\u043f\u0442\u0435\u0440 Hilec CL41/1.5", "url_img": "https://cdn21vek.by/img/galleries/7179/157/preview/cl4115_hilec_61dee43c26fbb.jpeg", "url_product": "https://www.21vek.by/cables/cl4115_hilec.html", "price": "48.42"}, {"name": "\u041a\u043e\u043d\u043d\u0435\u043a\u0442\u043e\u0440 Neutrik NC5MXX", "url_img": "https://cdn21vek.by/img/galleries/872/555/preview/nc5mxx_neutrik_628f956f4db4d.jpeg", "url_product": "https://www.21vek.by/cables/nc5mxx_neutrik.html", "price": "48.83"}, {"name": "\u041a\u043e\u043d\u043d\u0435\u043a\u0442\u043e\u0440 Neutrik NC5MX", "url_img": "https://cdn21vek.by/img/galleries/5859/20/preview/nc5mx_neutrik_628f96646b6b0.jpeg", "url_product": "https://www.21vek.by/cables/nc5mx_neutrik.html", "price": "48.83"}, {"name": "\u041a\u0430\u0431\u0435\u043b\u044c AURA SCB-1150 (50\u043c)", "url_img": "https://cdn21vek.by/img/galleries/812/176/preview/scb1150_aura__5dc68644968af.jpeg", "url_product": "https://www.21vek.by/cables/scb1150_aura_.html", "price": "49.29"}, {"name": "\u041a\u043e\u043d\u043d\u0435\u043a\u0442\u043e\u0440 Neutrik NC3FRX", "url_img": "https://cdn21vek.by/img/galleries/872/712/preview/nc3frx_neutrik_5cff5e3cd4133.png", "url_product": "https://www.21vek.by/cables/nc3frx_neutrik.html", "price": "50.22"}, {"name": "\u041a\u0430\u0431\u0435\u043b\u044c Invotone ACM1106/BK", "url_img": "https://cdn21vek.by/img/galleries/8045/982/preview/acm1106bk_invotone_63c175488668d.jpeg", "url_product": "https://www.21vek.by/cables/acm1106bk_invotone.html", "price": "51.86"}, {"name": "\u041a\u0430\u0431\u0435\u043b\u044c Kupfern KFAC186M (6\u043c)", "url_img": "https://cdn21vek.by/img/galleries/6547/6/preview/kfac186m_kupfern_60d59213a0a70.jpeg", "url_product": "https://www.21vek.by/cables/kfac186m_kupfern.html", "price": "52.50"}, {"name": "\u041a\u043e\u043d\u043d\u0435\u043a\u0442\u043e\u0440 Neutrik NC5MD-L-1", "url_img": "https://cdn21vek.by/img/galleries/872/553/preview/nc5mdl1_neutrik_628f97197a114.jpeg", "url_product": "https://www.21vek.by/cables/nc5mdl1_neutrik.html", "price": "53.70"}, {"name": "\u041a\u043e\u043d\u043d\u0435\u043a\u0442\u043e\u0440 Neutrik NL8MD-V", "url_img": "https://cdn21vek.by/img/galleries/872/563/preview/nl8mdv_neutrik_5cff50ed6c158.png", "url_product": "https://www.21vek.by/cables/nl8mdv_neutrik.html", "price": "53.70"}, {"name": "\u0410\u0434\u0430\u043f\u0442\u0435\u0440 Stagg NMC-6R", "url_img": "https://cdn21vek.by/img/galleries/1084/446/preview/nmc6r_stagg_5ddf83646fc9b.jpeg", "url_product": "https://www.21vek.by/cables/nmc6r_stagg.html", "price": "54.40"}, {"name": "\u0410\u0434\u0430\u043f\u0442\u0435\u0440 Hilec CL41/3", "url_img": "https://cdn21vek.by/img/galleries/6215/915/preview/cl413_hilec_5f99319197cce.jpeg", "url_product": "https://www.21vek.by/cables/cl413_hilec.html", "price": "54.72"}, {"name": "\u0423\u0434\u043b\u0438\u043d\u0438\u0442\u0435\u043b\u044c \u043a\u0430\u0431\u0435\u043b\u044f Kupfern KFMC0475M (7.5\u043c)", "url_img": "https://cdn21vek.by/img/galleries/6546/971/preview/kfmc0475m_kupfern_60d59e3e8d2a3.jpeg", "url_product": "https://www.21vek.by/cables/kfmc0475m_kupfern.html", "price": "54.96"}, {"name": "\u0410\u0434\u0430\u043f\u0442\u0435\u0440 Kupfern KFYC195M (5\u043c)", "url_img": "https://cdn21vek.by/img/galleries/6547/9/preview/kfyc195m_kupfern_60d5a78f73f6c.jpeg", "url_product": "https://www.21vek.by/cables/kfyc195m_kupfern.html", "price": "54.96"}, {"name": "\u041a\u0430\u0431\u0435\u043b\u044c/\u043f\u0435\u0440\u0435\u0445\u043e\u0434\u043d\u0438\u043a Linly Lighting PowerCon Power Cable 3x1.5 (1.5\u043c)", "url_img": "https://cdn21vek.by/img/galleries/6052/527/preview/powerconpowercable3x15_linly_lighting_5ff493833fbff.jpeg", "url_product": "https://www.21vek.by/cables/powerconpowercable3x15_linly_lighting.html", "price": "55.54"}, {"name": "\u041a\u0430\u0431\u0435\u043b\u044c Roland RMIDI-B10", "url_img": "https://cdn21vek.by/img/galleries/890/916/preview/rmidib10_roland_5c700410af138.jpeg", "url_product": "https://www.21vek.by/cables/rmidib10_roland.html", "price": "57.38"}, {"name": "\u041a\u0430\u0431\u0435\u043b\u044c Invotone ACM1005S/BK", "url_img": "https://cdn21vek.by/img/galleries/8045/960/preview/acm1005sbk_invotone_63c0176d826bb.jpeg", "url_product": "https://www.21vek.by/cables/acm1005sbk_invotone.html", "price": "57.44"}, {"name": "\u041a\u0430\u0431\u0435\u043b\u044c Invotone ACM1005FS/BK", "url_img": "https://cdn21vek.by/img/galleries/8046/4/preview/acm1005fsbk_invotone_63c17498b288a.jpeg", "url_product": "https://www.21vek.by/cables/acm1005fsbk_invotone.html", "price": "57.73"}, {"name": "\u041a\u043e\u043d\u043d\u0435\u043a\u0442\u043e\u0440 Neutrik NC5FXX", "url_img": "https://cdn21vek.by/img/galleries/872/615/preview/nc5fxx_neutrik_5cff565935f77.png", "url_product": "https://www.21vek.by/cables/nc5fxx_neutrik.html", "price": "57.83"}, {"name": "\u041a\u043e\u043d\u043d\u0435\u043a\u0442\u043e\u0440 Neutrik NC5FX", "url_img": "https://cdn21vek.by/img/galleries/5859/7/preview/nc5fx_neutrik_5e39862f0281c.jpeg", "url_product": "https://www.21vek.by/cables/nc5fx_neutrik.html", "price": "57.83"}, {"name": "\u041a\u0430\u0431\u0435\u043b\u044c/\u043f\u0435\u0440\u0435\u0445\u043e\u0434\u043d\u0438\u043a Neutrik NA3MM", "url_img": "https://cdn21vek.by/img/galleries/872/690/preview/na3mm_neutrik_5cff5c25897a0.png", "url_product": "https://www.21vek.by/cables/na3mm_neutrik.html", "price": "57.83"}, {"name": "\u041a\u0430\u0431\u0435\u043b\u044c Leem NML-20 (6\u043c)", "url_img": "https://cdn21vek.by/img/galleries/7796/258/preview/nml20_leem_63445efbd1e55.jpeg", "url_product": "https://www.21vek.by/cables/nml20_leem.html", "price": "58.34"}, {"name": "\u0410\u0434\u0430\u043f\u0442\u0435\u0440 Stagg NMC-6XPR", "url_img": "https://cdn21vek.by/img/galleries/932/730/preview/nmc6xpr_stagg_5c9a0b8857532.jpeg", "url_product": "https://www.21vek.by/cables/nmc6xpr_stagg.html", "price": "59.20"}, {"name": "\u041a\u043e\u043d\u043d\u0435\u043a\u0442\u043e\u0440 Neutrik NC5MXX-B", "url_img": "https://cdn21vek.by/img/galleries/872/580/preview/nc5mxxb_neutrik_628f992bdd310.jpeg", "url_product": "https://www.21vek.by/cables/nc5mxxb_neutrik.html", "price": "59.21"}, {"name": "\u0421\u043f\u043b\u0438\u0442\u0442\u0435\u0440 Kupfern KFYC106M (6\u043c)", "url_img": "https://cdn21vek.by/img/galleries/6546/999/preview/kfyc106m_kupfern_60d5a615bd705.jpeg", "url_product": "https://www.21vek.by/cables/kfyc106m_kupfern.html", "price": "59.46"}, {"name": "\u041a\u0430\u0431\u0435\u043b\u044c PROconnect 01-6102-6 (100\u043c, \u043a\u0440\u0430\u0441\u043d\u044b\u0439/\u0447\u0435\u0440\u043d\u044b\u0439)", "url_img": "https://cdn21vek.by/img/galleries/6786/599/preview/0161026_proconnect_611e0858f1282.jpeg", "url_product": "https://www.21vek.by/cables/0161026_proconnect.html", "price": "60.97"}, {"name": "\u041a\u0430\u0431\u0435\u043b\u044c Rexant 2x0.25 / 01-6101-3 (100\u043c, \u043a\u0440\u0430\u0441\u043d\u044b\u0439/\u0447\u0435\u0440\u043d\u044b\u0439)", "url_img": "https://cdn21vek.by/img/galleries/8000/345/preview/2x0250161013_rexant_63b80950d30ef.jpeg", "url_product": "https://www.21vek.by/cables/2x0250161013_rexant.html", "price": "61.81"}, {"name": "\u041a\u0430\u0431\u0435\u043b\u044c Tourtek TM20", "url_img": "https://cdn21vek.by/img/galleries/6166/449/preview/tm20_tourtek_5f6380881e32a.jpeg", "url_product": "https://www.21vek.by/cables/tm20_tourtek.html", "price": "63.68"}, {"name": "\u041a\u0430\u0431\u0435\u043b\u044c AURA RCA-C320 (2\u043c)", "url_img": "https://cdn21vek.by/img/galleries/5811/864/preview/rcac320_aura__5df23e8195f20.jpeg", "url_product": "https://www.21vek.by/cables/rcac320_aura_.html", "price": "64.26"}, {"name": "\u041a\u0430\u0431\u0435\u043b\u044c Neutrik NA2MP", "url_img": "https://cdn21vek.by/img/galleries/872/630/preview/na2mp_neutrik_5dd100d9747d7.jpeg", "url_product": "https://www.21vek.by/cables/na2mp_neutrik.html", "price": "64.72"}, {"name": "\u0410\u0434\u0430\u043f\u0442\u0435\u0440 Neutrik NA2FP", "url_img": "https://cdn21vek.by/img/galleries/5859/67/preview/na2fp_neutrik_5e3979cd9835f.jpeg", "url_product": "https://www.21vek.by/cables/na2fp_neutrik.html", "price": "64.72"}, {"name": "\u0410\u0434\u0430\u043f\u0442\u0435\u0440 Schulz Kabel MXM2 (2\u043c)", "url_img": "https://cdn21vek.by/img/galleries/6209/530/preview/kabelmxm2_schulz_kabel_5fb23daf32bc7.jpeg", "url_product": "https://www.21vek.by/cables/kabelmxm2_schulz_kabel.html", "price": "64.75"}, {"name": "\u041a\u0430\u0431\u0435\u043b\u044c Kupfern KFMC2510M (10\u043c)", "url_img": "https://cdn21vek.by/img/galleries/6541/493/preview/kfmc2510m_kupfern_60d5a2c1d1fb4.jpeg", "url_product": "https://www.21vek.by/cables/kfmc2510m_kupfern.html", "price": "64.98"}, {"name": "\u041a\u0430\u0431\u0435\u043b\u044c Invotone ACM1010FS/BK", "url_img": "https://cdn21vek.by/img/galleries/8036/369/preview/acm1010fsbk_invotone_63c174f9cc286.jpeg", "url_product": "https://www.21vek.by/cables/acm1010fsbk_invotone.html", "price": "65.96"}, {"name": "\u0410\u0434\u0430\u043f\u0442\u0435\u0440 Neutrik NA2MPMF", "url_img": "https://cdn21vek.by/img/galleries/872/590/preview/na2mpmf_neutrik_5dd102a229ff8.jpeg", "url_product": "https://www.21vek.by/cables/na2mpmf_neutrik.html", "price": "66.10"}, {"name": "\u041a\u0430\u0431\u0435\u043b\u044c Rexant 2x0.35 / 01-6102-3 (100\u043c, \u043a\u0440\u0430\u0441\u043d\u044b\u0439/\u0447\u0435\u0440\u043d\u044b\u0439)", "url_img": "https://cdn21vek.by/img/galleries/8000/349/preview/2x0350161023_rexant_01_63b7fb6bb129a.jpeg", "url_product": "https://www.21vek.by/cables/2x0350161023_rexant_01.html", "price": "66.52"}, {"name": "\u041a\u043e\u043d\u043d\u0435\u043a\u0442\u043e\u0440 Neutrik NC7MXX", "url_img": "https://cdn21vek.by/img/galleries/844/529/preview/nc7mxx_neutrik_5cfe6ebc98b65.jpeg", "url_product": "https://www.21vek.by/cables/nc7mxx_neutrik.html", "price": "67.47"}, {"name": "\u041a\u0430\u0431\u0435\u043b\u044c Fzone FZCM\u0421117 (3\u043c)", "url_img": "https://cdn21vek.by/img/galleries/6870/565/preview/fzcm117_fzone_633adca491318.jpeg", "url_product": "https://www.21vek.by/cables/fzcm117_fzone.html", "price": "67.51"}, {"name": "\u041a\u0430\u0431\u0435\u043b\u044c \u0423\u0440\u0430\u043b MT18", "url_img": "https://cdn21vek.by/img/galleries/6999/328/preview/mt18_ural_61bb560855b13.jpeg", "url_product": "https://www.21vek.by/cables/mt18_ural.html", "price": "68.15"}, {"name": "\u041a\u0430\u0431\u0435\u043b\u044c Neutrik NA3MP", "url_img": "https://cdn21vek.by/img/galleries/872/635/preview/na3mp_neutrik_5dd104fc2f07d.jpeg", "url_product": "https://www.21vek.by/cables/na3mp_neutrik.html", "price": "68.80"}, {"name": "\u041a\u043e\u043d\u043d\u0435\u043a\u0442\u043e\u0440 Neutrik NA4MP-M-X", "url_img": "https://cdn21vek.by/img/galleries/872/681/preview/na4mpmx_neutrik_628f92950207c.jpeg", "url_product": "https://www.21vek.by/cables/na4mpmx_neutrik.html", "price": "68.80"}, {"name": "\u041a\u043e\u043d\u043d\u0435\u043a\u0442\u043e\u0440 Neutrik NC5FD-L-1", "url_img": "https://cdn21vek.by/img/galleries/872/613/preview/nc5fdl1_neutrik_628f97ae58870.jpeg", "url_product": "https://www.21vek.by/cables/nc5fdl1_neutrik.html", "price": "68.85"}, {"name": "\u041a\u0430\u0431\u0435\u043b\u044c ACV KP50-1001", "url_img": "https://cdn21vek.by/img/galleries/6915/74/preview/kp501001_acv_618e4dd950adc.jpeg", "url_product": "https://www.21vek.by/cables/kp501001_acv.html", "price": "70.12"}, {"name": "\u0423\u0434\u043b\u0438\u043d\u0438\u0442\u0435\u043b\u044c \u043a\u0430\u0431\u0435\u043b\u044f Stagg SMC20 (10\u043c)", "url_img": "https://cdn21vek.by/img/galleries/7015/773/preview/smc20_stagg_61b89ce161ec4.jpeg", "url_product": "https://www.21vek.by/cables/smc20_stagg.html", "price": "70.26"}, {"name": "\u0423\u0434\u043b\u0438\u043d\u0438\u0442\u0435\u043b\u044c \u043a\u0430\u0431\u0435\u043b\u044f Planet Waves PW-CMIC-25 (7.5\u043c)", "url_img": "https://cdn21vek.by/img/galleries/937/153/preview/pwcmic25_planet_waves_5c9a1284ddf28.jpeg", "url_product": "https://www.21vek.by/cables/pwcmic25_planet_waves.html", "price": "70.40"}, {"name": "\u041a\u0430\u0431\u0435\u043b\u044c Leem NML-30 (9\u043c)", "url_img": "https://cdn21vek.by/img/galleries/7796/247/preview/nml30_leem_63445f52ecd1a.jpeg", "url_product": "https://www.21vek.by/cables/nml30_leem.html", "price": "71.23"}, {"name": "\u0410\u0434\u0430\u043f\u0442\u0435\u0440 Neutrik NA3FP", "url_img": "https://cdn21vek.by/img/galleries/872/634/preview/na3fp_neutrik_5e397c4019eb6.jpeg", "url_product": "https://www.21vek.by/cables/na3fp_neutrik.html", "price": "71.44"}, {"name": "\u041a\u0430\u0431\u0435\u043b\u044c/\u043f\u0435\u0440\u0435\u0445\u043e\u0434\u043d\u0438\u043a Neutrik NA3FF", "url_img": "https://cdn21vek.by/img/galleries/872/685/preview/na3ff_neutrik_5cff5bc6c1d54.png", "url_product": "https://www.21vek.by/cables/na3ff_neutrik.html", "price": "71.44"}, {"name": "\u041a\u0430\u0431\u0435\u043b\u044c Invotone ACM1110/BK", "url_img": "https://cdn21vek.by/img/galleries/8036/627/preview/acm1110bk_invotone_63c1758a91fea.jpeg", "url_product": "https://www.21vek.by/cables/acm1110bk_invotone.html", "price": "71.84"}, {"name": "\u041a\u0430\u0431\u0435\u043b\u044c AURA RCA-B254 (5\u043c)", "url_img": "https://cdn21vek.by/img/galleries/706/466/preview/rcab254_aura__5c3789f0386d1.jpeg", "url_product": "https://www.21vek.by/cables/rcab254_aura_.html", "price": "72.09"}, {"name": "\u041a\u0430\u0431\u0435\u043b\u044c Tourtek TM25", "url_img": "https://cdn21vek.by/img/galleries/6166/451/preview/tm25_tourtek_5f6380bb45c40.jpeg", "url_product": "https://www.21vek.by/cables/tm25_tourtek.html", "price": "72.64"}, {"name": "\u041a\u0430\u0431\u0435\u043b\u044c Leem MLI-7 (7\u043c)", "url_img": "https://cdn21vek.by/img/galleries/7796/89/preview/mli7_leem_63445eb1d1d6f.jpeg", "url_product": "https://www.21vek.by/cables/mli7_leem.html", "price": "73.15"}, {"name": "\u0410\u0434\u0430\u043f\u0442\u0435\u0440 Neutrik NA3MJ", "url_img": "https://cdn21vek.by/img/galleries/872/648/preview/na3mj_neutrik_5dd10498bc415.jpeg", "url_product": "https://www.21vek.by/cables/na3mj_neutrik.html", "price": "73.60"}, {"name": "\u041a\u0430\u0431\u0435\u043b\u044c ACV KP100-1003", "url_img": "https://cdn21vek.by/img/galleries/6915/73/preview/kp1001003_acv_618e4f27a6346.jpeg", "url_product": "https://www.21vek.by/cables/kp1001003_acv.html", "price": "74.74"}, {"name": "\u0410\u0434\u0430\u043f\u0442\u0435\u0440 Schulz Kabel Kabel MXM3 (3\u043c)", "url_img": "https://cdn21vek.by/img/galleries/6209/532/preview/kabelmxm3_schulz_kabel_5fb23e441f6bd.jpeg", "url_product": "https://www.21vek.by/cables/kabelmxm3_schulz_kabel.html", "price": "75.00"}, {"name": "\u041a\u0430\u0431\u0435\u043b\u044c AURA RCA-C350 (5\u043c)", "url_img": "https://cdn21vek.by/img/galleries/812/156/preview/rcac350_aura__5c98e82e26ac8.jpeg", "url_product": "https://www.21vek.by/cables/rcac350_aura_.html", "price": "79.95"}, {"name": "\u041a\u0430\u0431\u0435\u043b\u044c/\u043f\u0435\u0440\u0435\u0445\u043e\u0434\u043d\u0438\u043a Klotz KY9-180 (1.8\u043c)", "url_img": "https://cdn21vek.by/img/galleries/7100/953/preview/ky9180_klotz_61b353efd5124.jpeg", "url_product": "https://www.21vek.by/cables/ky9180_klotz.html", "price": "80.00"}, {"name": "\u041a\u0430\u0431\u0435\u043b\u044c Tourtek TM30", "url_img": "https://cdn21vek.by/img/galleries/6166/452/preview/tm30_tourtek_5f6380f100369.jpeg", "url_product": "https://www.21vek.by/cables/tm30_tourtek.html", "price": "81.92"}, {"name": "\u041a\u0430\u0431\u0435\u043b\u044c Saramonic SR-C2003", "url_img": "https://cdn21vek.by/img/galleries/7538/700/preview/src2003_saramonic_62a2db25a1f4e.jpeg", "url_product": "https://www.21vek.by/cables/src2003_saramonic.html", "price": "84.60"}, {"name": "\u041a\u043e\u043d\u043d\u0435\u043a\u0442\u043e\u0440 Neutrik NP2X-AU-SILENT", "url_img": "https://cdn21vek.by/img/galleries/872/619/preview/np2xausilent_neutrik_5cff573ead965.png", "url_product": "https://www.21vek.by/cables/np2xausilent_neutrik.html", "price": "85.02"}, {"name": "\u041a\u043e\u043d\u043d\u0435\u043a\u0442\u043e\u0440 Neutrik NP2RX-AU-SILENT", "url_img": "https://cdn21vek.by/img/galleries/872/620/preview/np2rxausilent_neutrik_5cff57ed136c0.png", "url_product": "https://www.21vek.by/cables/np2rxausilent_neutrik.html", "price": "85.02"}, {"name": "\u041a\u0430\u0431\u0435\u043b\u044c \u042d\u0420\u0410 A-100-S / \u04110048273 (100\u043c)", "url_img": "https://cdn21vek.by/img/galleries/7324/845/preview/a100s0048273_era_62d7b55f975df.jpeg", "url_product": "https://www.21vek.by/cables/a100s0048273_era.html", "price": "85.14"}, {"name": "\u041a\u0430\u0431\u0435\u043b\u044c JPL BL-10+P / 575-099-009", "url_img": "https://cdn21vek.by/img/galleries/7740/160/preview/bl10p575099009_jpl_6324b5641baf4.jpeg", "url_product": "https://www.21vek.by/cables/bl10p575099009_jpl.html", "price": "87.32"}, {"name": "\u041a\u0430\u0431\u0435\u043b\u044c Invotone ACM1010S/BK", "url_img": "https://cdn21vek.by/img/galleries/8036/631/preview/acm1010sbk_invotone_63c017a5336c8.jpeg", "url_product": "https://www.21vek.by/cables/acm1010sbk_invotone.html", "price": "87.70"}, {"name": "\u041a\u0430\u0431\u0435\u043b\u044c \u0423\u0440\u0430\u043b \u041c\u042216", "url_img": "https://cdn21vek.by/img/galleries/6677/936/preview/16_ural_61bb57b36315f.jpeg", "url_product": "https://www.21vek.by/cables/16_ural.html", "price": "91.57"}, {"name": "\u041a\u0430\u0431\u0435\u043b\u044c Roland RCC-10-TR28", "url_img": "https://cdn21vek.by/img/galleries/890/903/preview/rcc10tr28_roland_5ee894ea6e842.jpeg", "url_product": "https://www.21vek.by/cables/rcc10tr28_roland.html", "price": "92.20"}, {"name": "\u041a\u0430\u0431\u0435\u043b\u044c Rexant 2x0.50 / 01-6103-3 (100\u043c, \u043a\u0440\u0430\u0441\u043d\u044b\u0439/\u0447\u0435\u0440\u043d\u044b\u0439)", "url_img": "https://cdn21vek.by/img/galleries/8000/353/preview/2x0500161033_rexant_63b8014611536.jpeg", "url_product": "https://www.21vek.by/cables/2x0500161033_rexant.html", "price": "92.48"}, {"name": "\u0423\u0434\u043b\u0438\u043d\u0438\u0442\u0435\u043b\u044c \u043a\u0430\u0431\u0435\u043b\u044f Bespeco NCMB900 (9\u043c)", "url_img": "https://cdn21vek.by/img/galleries/1125/775/preview/ncmb900_bespeco_5d6942197d6b6.jpeg", "url_product": "https://www.21vek.by/cables/ncmb900_bespeco.html", "price": "93.00"}, {"name": "\u0410\u0434\u0430\u043f\u0442\u0435\u0440 Roland RCC-10-TRXF", "url_img": "https://cdn21vek.by/img/galleries/6056/195/preview/rcc10trxf_roland_5f345063083b9.jpeg", "url_product": "https://www.21vek.by/cables/rcc10trxf_roland.html", "price": "94.32"}, {"name": "\u041a\u0430\u0431\u0435\u043b\u044c Roland RCC-10-TRXM", "url_img": "https://cdn21vek.by/img/galleries/890/901/preview/rcc10trxm_roland_5ee8a492d52b7.jpeg", "url_product": "https://www.21vek.by/cables/rcc10trxm_roland.html", "price": "94.32"}, {"name": "\u041a\u0430\u0431\u0435\u043b\u044c Roland RCC-10-3535", "url_img": "https://cdn21vek.by/img/galleries/947/478/preview/rcc103535_roland_5f5b695e19482.jpeg", "url_product": "https://www.21vek.by/cables/rcc103535_roland.html", "price": "94.32"}, {"name": "\u041a\u0430\u0431\u0435\u043b\u044c Roland RCC-10-2R28", "url_img": "https://cdn21vek.by/img/galleries/947/480/preview/rcc102r28_roland_5dce7a52e0445.jpeg", "url_product": "https://www.21vek.by/cables/rcc102r28_roland.html", "price": "95.20"}, {"name": "\u0410\u0434\u0430\u043f\u0442\u0435\u0440 Hilec CM/XFXM-20", "url_img": "https://cdn21vek.by/img/galleries/5948/170/preview/cmxfxm20_hilec_5e836a4759680.jpeg", "url_product": "https://www.21vek.by/cables/cmxfxm20_hilec.html", "price": "95.46"}, {"name": "\u041a\u0430\u0431\u0435\u043b\u044c JPL BL-05NB / 575-260-001", "url_img": "https://cdn21vek.by/img/galleries/7740/162/preview/bl05nb575260001_jpl_6324b4ca5baea.jpeg", "url_product": "https://www.21vek.by/cables/bl05nb575260001_jpl.html", "price": "100.35"}, {"name": "\u041a\u0430\u0431\u0435\u043b\u044c ACV KP100-1002", "url_img": "https://cdn21vek.by/img/galleries/6915/69/preview/kp1001002_acv_618e4cde15657.jpeg", "url_product": "https://www.21vek.by/cables/kp1001002_acv.html", "price": "100.89"}, {"name": "\u041a\u0430\u0431\u0435\u043b\u044c Rexant 2x0.75 / 01-6104-3 (100\u043c, \u043a\u0440\u0430\u0441\u043d\u044b\u0439/\u0447\u0435\u0440\u043d\u044b\u0439)", "url_img": "https://cdn21vek.by/img/galleries/1105/72/preview/20750161043_rexant_611e2b2a92678.jpeg", "url_product": "https://www.21vek.by/cables/20750161043_rexant.html", "price": "102.86"}, {"name": "\u041a\u0430\u0431\u0435\u043b\u044c Roland RCC-10-2R2R", "url_img": "https://cdn21vek.by/img/galleries/890/899/preview/rcc102r2r_roland_5ee8bb4734021.jpeg", "url_product": "https://www.21vek.by/cables/rcc102r2r_roland.html", "price": "103.56"}, {"name": "\u041a\u0430\u0431\u0435\u043b\u044c \u042d\u0420\u0410 A-150-S / \u04110048274 (100\u043c)", "url_img": "https://cdn21vek.by/img/galleries/7324/851/preview/a150s0048274_era_62d7b6aa8f255.jpeg", "url_product": "https://www.21vek.by/cables/a150s0048274_era.html", "price": "114.36"}, {"name": "\u041a\u0430\u0431\u0435\u043b\u044c Mystery MSC-15-10", "url_img": "https://cdn21vek.by/img/galleries/495/810/preview/msc1510_mystery_5a71a06021e4b.jpeg", "url_product": "https://www.21vek.by/cables/msc1510_mystery.html", "price": "117.00"}, {"name": "\u041a\u0430\u0431\u0435\u043b\u044c PROconnect \u0428\u0412\u041f\u041c / 01-6105-6 (100\u043c, \u043a\u0440\u0430\u0441\u043d\u044b\u0439/\u0447\u0435\u0440\u043d\u044b\u0439)", "url_img": "https://cdn21vek.by/img/galleries/6116/898/preview/0161056_proconnect_611e1659cd8a8.jpeg", "url_product": "https://www.21vek.by/cables/0161056_proconnect.html", "price": "118.10"}, {"name": "\u0423\u0434\u043b\u0438\u043d\u0438\u0442\u0435\u043b\u044c \u043a\u0430\u0431\u0435\u043b\u044f Bespeco PT600FM", "url_img": "https://cdn21vek.by/img/galleries/794/152/preview/pt600fm_bespeco_5c51b2c8d85c8.jpeg", "url_product": "https://www.21vek.by/cables/pt600fm_bespeco.html", "price": "126.06"}, {"name": "\u041a\u0430\u0431\u0435\u043b\u044c ACV KP50-1004", "url_img": "https://cdn21vek.by/img/galleries/6915/77/preview/kp501004_acv_618e4eb840c3b.jpeg", "url_product": "https://www.21vek.by/cables/kp501004_acv.html", "price": "129.92"}, {"name": "\u041a\u0430\u0431\u0435\u043b\u044c Rexant 2\u04451.50 / 01-6106-3 (100\u043c, \u043a\u0440\u0430\u0441\u043d\u044b\u0439/\u0447\u0435\u0440\u043d\u044b\u0439)", "url_img": "https://cdn21vek.by/img/galleries/7385/741/preview/21500161063_rexant_63e378a9123c7.jpeg", "url_product": "https://www.21vek.by/cables/21500161063_rexant.html", "price": "136.68"}, {"name": "\u041a\u0430\u0431\u0435\u043b\u044c PROconnect \u0428\u0412\u041f\u041c / 01-6106-6 (100\u043c, \u043a\u0440\u0430\u0441\u043d\u043e-\u0447\u0435\u0440\u043d\u044b\u0439)", "url_img": "https://cdn21vek.by/img/galleries/6116/897/preview/0161066_proconnect_611e16da41ec0.jpeg", "url_product": "https://www.21vek.by/cables/0161066_proconnect.html", "price": "144.79"}, {"name": "\u041a\u0430\u0431\u0435\u043b\u044c Mystery MSC-18-10", "url_img": "https://cdn21vek.by/img/galleries/496/867/preview/msc1810_mystery_5a71a1c050187.jpeg", "url_product": "https://www.21vek.by/cables/msc1810_mystery.html", "price": "149.00"}, {"name": "\u041a\u0430\u0431\u0435\u043b\u044c Planet Waves PW-AMSG-30", "url_img": "https://cdn21vek.by/img/galleries/7350/219/preview/pwamsg30_planet_waves_624d54c1dbf15.jpeg", "url_product": "https://www.21vek.by/cables/pwamsg30_planet_waves.html", "price": "150.41"}, {"name": "\u041a\u0430\u0431\u0435\u043b\u044c \u042d\u0420\u0410 A-250-S / \u04110048275 (100\u043c)", "url_img": "https://cdn21vek.by/img/galleries/7324/856/preview/a250s0048275_era_62d7b6dc525df.jpeg", "url_product": "https://www.21vek.by/cables/a250s0048275_era.html", "price": "156.34"}, {"name": "\u041a\u0430\u0431\u0435\u043b\u044c Planet Waves PW-AMSK-10 (3.05\u043c)", "url_img": "https://cdn21vek.by/img/galleries/7301/722/preview/pwamsk10_planet_waves_624d55143ff11.jpeg", "url_product": "https://www.21vek.by/cables/pwamsk10_planet_waves.html", "price": "156.77"}, {"name": "\u041a\u0430\u0431\u0435\u043b\u044c Bespeco SLKF900", "url_img": "https://cdn21vek.by/img/galleries/867/449/preview/slkf900_bespeco_5cf908041ade3.jpeg", "url_product": "https://www.21vek.by/cables/slkf900_bespeco.html", "price": "157.26"}, {"name": "\u041a\u0430\u0431\u0435\u043b\u044c Planet Waves PW-AMSK-15 (4.57\u043c)", "url_img": "https://cdn21vek.by/img/galleries/7301/723/preview/pwamsk15_planet_waves_624d556b785d9.jpeg", "url_product": "https://www.21vek.by/cables/pwamsk15_planet_waves.html", "price": "169.60"}, {"name": "\u041a\u0430\u0431\u0435\u043b\u044c JPL BL-054MS+P / 575-261-001", "url_img": "https://cdn21vek.by/img/galleries/7731/783/preview/bl054msp575261001_jpl_63bbe77771300.jpeg", "url_product": "https://www.21vek.by/cables/bl054msp575261001_jpl.html", "price": "178.79"}, {"name": "\u041a\u0430\u0431\u0435\u043b\u044c Planet Waves PW-AMSK-20", "url_img": "https://cdn21vek.by/img/galleries/65552/175/preview/pwamsk20_planet_waves_61b886f4336bb.jpeg", "url_product": "https://www.21vek.by/cables/pwamsk20_planet_waves.html", "price": "184.77"}, {"name": "\u041a\u0430\u0431\u0435\u043b\u044c Mystery MSC-10-10", "url_img": "https://cdn21vek.by/img/galleries/6327/899/preview/msc1010_mystery_61b883e5eeb75.jpeg", "url_product": "https://www.21vek.by/cables/msc1010_mystery.html", "price": "193.00"}, {"name": "\u0423\u0434\u043b\u0438\u043d\u0438\u0442\u0435\u043b\u044c \u043a\u0430\u0431\u0435\u043b\u044f Planet Waves PW-AMSM-25", "url_img": "https://cdn21vek.by/img/galleries/65552/178/preview/pwamsm25_planet_waves_61b887b343c69.jpeg", "url_product": "https://www.21vek.by/cables/pwamsm25_planet_waves.html", "price": "193.44"}, {"name": "\u041a\u0430\u0431\u0435\u043b\u044c Planet Waves PW-AMSK-30 (9\u043c)", "url_img": "https://cdn21vek.by/img/galleries/6289/292/preview/pwamsk30_planet_waves_61b88779c20b9.jpeg", "url_product": "https://www.21vek.by/cables/pwamsk30_planet_waves.html", "price": "205.33"}, {"name": "\u041a\u0430\u0431\u0435\u043b\u044c Ernie Ball 6404", "url_img": "https://cdn21vek.by/img/galleries/7698/519/preview/6404_ernie_ball_630c6ec16e99f.jpeg", "url_product": "https://www.21vek.by/cables/6404_ernie_ball.html", "price": "214.20"}, {"name": "\u041a\u0430\u0431\u0435\u043b\u044c Klotz SEW-CI1PRO", "url_img": "https://cdn21vek.by/img/galleries/813/349/preview/sewci1pro_klotz_5c2f92705d7c3.jpeg", "url_product": "https://www.21vek.by/cables/sewci1pro_klotz.html", "price": "216.00"}, {"name": "\u041a\u0430\u0431\u0435\u043b\u044c Ernie Ball 6224 (\u0447\u0435\u0440\u043d\u044b\u0439)", "url_img": "https://cdn21vek.by/img/galleries/6598/184/preview/6224_ernie_ball_62b9aee72b8ba.jpeg", "url_product": "https://www.21vek.by/cables/6224_ernie_ball.html", "price": "218.32"}, {"name": "\u0421\u043f\u043b\u0438\u0442\u0442\u0435\u0440 Golden DSP 8", "url_img": "https://cdn21vek.by/img/galleries/6078/507/preview/goldendsp8_golden_62d7bdca7146d.jpeg", "url_product": "https://www.21vek.by/cables/goldendsp8_golden.html", "price": "555.39"}, {"name": "\u041f\u0435\u0440\u0435\u043a\u043b\u044e\u0447\u0430\u0442\u0435\u043b\u044c \u043f\u043e\u0440\u0442\u043e\u0432 Aten VS0801H", "url_img": "https://cdn21vek.by/img/galleries/528/181/preview/vs0801h_aten_5aa508bb1bcac.jpeg", "url_product": "https://www.21vek.by/cables/vs0801h_aten.html", "price": "938.40"}, {"name": "\u041f\u0435\u0440\u0435\u043a\u043b\u044e\u0447\u0430\u0442\u0435\u043b\u044c \u043f\u043e\u0440\u0442\u043e\u0432 Aten VM0404HA-AT-G", "url_img": "https://cdn21vek.by/img/galleries/528/321/preview/vm0404haatg_aten_5aa512fceb4b3.jpeg", "url_product": "https://www.21vek.by/cables/vm0404haatg_aten.html", "price": "2695.51"}]]