["\u0418\u0433\u0440\u043e\u0432\u044b\u0435 \u043a\u043b\u0430\u0432\u0438\u0430\u0442\u0443\u0440\u044b", [{"name": "\u041a\u043b\u0430\u0432\u0438\u0430\u0442\u0443\u0440\u0430+\u043c\u044b\u0448\u044c Hoco GM12 (\u0447\u0435\u0440\u043d\u044b\u0439)", "url_img": "https://cdn21vek.by/img/galleries/7966/521/preview/gm12_hoco_63a9bbf95b445.jpeg", "url_product": "https://www.21vek.by/mouses/gm12_hoco.html", "price": "67.00"}, {"name": "\u041a\u043b\u0430\u0432\u0438\u0430\u0442\u0443\u0440\u0430 Redragon Lakshmi RU / 78119", "url_img": "https://cdn21vek.by/img/galleries/7155/589/preview/lakshmiru78119_redragon_620a4faa40e78.jpeg", "url_product": "https://www.21vek.by/mouses/lakshmiru78119_redragon.html", "price": "95.63"}, {"name": "\u041a\u043b\u0430\u0432\u0438\u0430\u0442\u0443\u0440\u0430 Redragon Apas / 78118", "url_img": "https://cdn21vek.by/img/galleries/7731/731/preview/apas78118_redragon_63319f0237ce0.jpeg", "url_product": "https://www.21vek.by/mouses/apas78118_redragon.html", "price": "165.78"}, {"name": "\u041a\u043b\u0430\u0432\u0438\u0430\u0442\u0443\u0440\u0430 Defender Legion GK-010DL / 45010", "url_img": "https://cdn21vek.by/img/galleries/513/258/preview/legiongk010dl_defender_5a781c7439c6e.png", "url_product": "https://www.21vek.by/mouses/legiongk010dl_defender.html", "price": "53.47"}, {"name": "\u041d\u0430\u0431\u043e\u0440 \u0438\u0433\u0440\u043e\u0432\u044b\u0445 \u0443\u0441\u0442\u0440\u043e\u0439\u0441\u0442\u0432 Defender Tor MHP-127 / 52127 (\u043c\u044b\u0448\u044c/\u043a\u043b\u0430\u0432\u0438\u0430\u0442\u0443\u0440\u0430/\u0433\u0430\u0440\u043d\u0438\u0442\u0443\u0440\u0430/\u043a\u043e\u0432\u0440\u0438\u043a/\u043a\u043e\u043b\u043e\u043d\u043a\u0438)", "url_img": "https://cdn21vek.by/img/galleries/6533/553/preview/tormhp12752127_defender_63ce9942b5147.jpeg", "url_product": "https://www.21vek.by/mouses/tormhp12752127_defender.html", "price": "109.40"}, {"name": "\u041a\u043b\u0430\u0432\u0438\u0430\u0442\u0443\u0440\u0430 Redragon Fizz / 70675", "url_img": "https://cdn21vek.by/img/galleries/7731/738/preview/fizz70675_redragon_633198014f5d1.jpeg", "url_product": "https://www.21vek.by/mouses/fizz70675_redragon.html", "price": "117.10"}, {"name": "\u041a\u043b\u0430\u0432\u0438\u0430\u0442\u0443\u0440\u0430 QUB Gaming QGKBWD001", "url_img": "https://cdn21vek.by/img/galleries/8177/355/preview/qgkbwd001_qubgaming_64019fa2d7a9a.jpeg", "url_product": "https://www.21vek.by/mouses/qgkbwd001_qubgaming.html", "price": "37.00"}, {"name": "\u041a\u043b\u0430\u0432\u0438\u0430\u0442\u0443\u0440\u0430 Redragon Fizz / 70672", "url_img": "https://cdn21vek.by/img/galleries/7731/735/preview/fizz70672_redragon_63319a7b81800.jpeg", "url_product": "https://www.21vek.by/mouses/fizz70672_redragon.html", "price": "129.00"}, {"name": "\u041a\u043b\u0430\u0432\u0438\u0430\u0442\u0443\u0440\u0430 Logitech G213 / 920-008092", "url_img": "https://cdn21vek.by/img/galleries/458/327/preview/g213prodigy_logitech_62397fefe3f35.jpeg", "url_product": "https://www.21vek.by/mouses/g213prodigy_logitech.html", "price": "279.00"}, {"name": "\u041a\u043b\u0430\u0432\u0438\u0430\u0442\u0443\u0440\u0430+\u043c\u044b\u0448\u044c A4Tech V-Track 3330N", "url_img": "https://cdn21vek.by/img/galleries/7490/315/preview/vtrack3330n_a4tech_62862c618193b.jpeg", "url_product": "https://www.21vek.by/mouses/vtrack3330n_a4tech.html", "price": "73.00"}, {"name": "\u041a\u043b\u0430\u0432\u0438\u0430\u0442\u0443\u0440\u0430+\u043c\u044b\u0448\u044c Qumo Axe Strike (\u0441 \u043a\u043e\u0432\u0440\u0438\u043a\u043e\u043c)", "url_img": "https://cdn21vek.by/img/galleries/6160/435/preview/axestrike_qumo_5f5b6b3bca2ea.jpeg", "url_product": "https://www.21vek.by/mouses/axestrike_qumo.html", "price": "85.20"}, {"name": "\u041a\u043b\u0430\u0432\u0438\u0430\u0442\u0443\u0440\u0430+\u043c\u044b\u0448\u044c Hoco GM18 (\u0447\u0435\u0440\u043d\u044b\u0439)", "url_img": "https://cdn21vek.by/img/galleries/8039/22/preview/gm18_hoco_63ce736fc66ee.jpeg", "url_product": "https://www.21vek.by/mouses/gm18_hoco.html", "price": "49.00"}, {"name": "\u041a\u043b\u0430\u0432\u0438\u0430\u0442\u0443\u0440\u0430 Akko 5108S Black&Gold USB Cable RGB Hot Swap Jelly Pink / 1561231", "url_img": "https://cdn21vek.by/img/galleries/7808/884/preview/5108sblackgoldusbcablergbhotswapjellypink1561231_akko_6357b46f69e15.jpeg", "url_product": "https://www.21vek.by/mouses/5108sblackgoldusbcablergbhotswapjellypink1561231_akko.html", "price": "319.00"}, {"name": "\u041a\u043b\u0430\u0432\u0438\u0430\u0442\u0443\u0440\u0430 Redragon Anivia / 70619 (\u0447\u0435\u0440\u043d\u044b\u0439)", "url_img": "https://cdn21vek.by/img/galleries/7980/25/preview/anivia70619_redragon_63b3dfe112513.jpeg", "url_product": "https://www.21vek.by/mouses/anivia70619_redragon.html", "price": "114.57"}, {"name": "\u041a\u043b\u0430\u0432\u0438\u0430\u0442\u0443\u0440\u0430 A4Tech Bloody B760 (\u0447\u0435\u0440\u043d\u044b\u0439)", "url_img": "https://cdn21vek.by/img/galleries/946/704/preview/bloodyb760_a4tech_5cab333d882cf.jpeg", "url_product": "https://www.21vek.by/mouses/bloodyb760_a4tech.html", "price": "169.00"}, {"name": "\u041a\u043b\u0430\u0432\u0438\u0430\u0442\u0443\u0440\u0430 Logitech G613 / 920-008395", "url_img": "https://cdn21vek.by/img/galleries/1048/862/preview/g613920008395_logitech_5e15b0553d6fd.jpeg", "url_product": "https://www.21vek.by/mouses/g613920008395_logitech.html", "price": "319.00"}, {"name": "\u041a\u043b\u0430\u0432\u0438\u0430\u0442\u0443\u0440\u0430 Redragon Dragonwarrior / 70520", "url_img": "https://cdn21vek.by/img/galleries/7731/727/preview/dragonwarrior70520_redragon_63319c53e54c4.jpeg", "url_product": "https://www.21vek.by/mouses/dragonwarrior70520_redragon.html", "price": "269.90"}, {"name": "\u041a\u043b\u0430\u0432\u0438\u0430\u0442\u0443\u0440\u0430 Canyon CND-SKB7-RU", "url_img": "https://cdn21vek.by/img/galleries/5663/611/preview/cndskb7ru_canyon_5d78b27393156.png", "url_product": "https://www.21vek.by/mouses/cndskb7ru_canyon.html", "price": "159.00"}, {"name": "\u041a\u043b\u0430\u0432\u0438\u0430\u0442\u0443\u0440\u0430 Marvo K602", "url_img": "https://cdn21vek.by/img/galleries/5661/427/preview/k602_marvo__5d78b3cf6eeff.png", "url_product": "https://www.21vek.by/mouses/k602_marvo_.html", "price": "49.94"}, {"name": "\u041a\u043b\u0430\u0432\u0438\u0430\u0442\u0443\u0440\u0430 Deepcool KG722 / R-KG722-BK0AN4A-R", "url_img": "https://cdn21vek.by/img/galleries/7616/664/preview/kg722rkg722bk0an4ar_deepcool_62d1444107835.jpeg", "url_product": "https://www.21vek.by/mouses/kg722rkg722bk0an4ar_deepcool.html", "price": "289.00"}, {"name": "\u041a\u043b\u0430\u0432\u0438\u0430\u0442\u0443\u0440\u0430 Defender Renegade GK-640DL RU / 45640", "url_img": "https://cdn21vek.by/img/galleries/812/390/preview/renegadegk640dlru45640_defender_5c1cb48869558.png", "url_product": "https://www.21vek.by/mouses/renegadegk640dlru45640_defender.html", "price": "61.90"}, {"name": "\u041a\u043b\u0430\u0432\u0438\u0430\u0442\u0443\u0440\u0430 Razer Tartarus V2 (RZ07-02270100-R3M1)", "url_img": "https://cdn21vek.by/img/galleries/6952/685/preview/tartarusv2rz0702270100r3m1_razer_615724377d26f.jpeg", "url_product": "https://www.21vek.by/mouses/tartarusv2rz0702270100r3m1_razer.html", "price": "284.25"}, {"name": "\u041a\u043b\u0430\u0432\u0438\u0430\u0442\u0443\u0440\u0430 A4Tech Bloody B865 (\u0447\u0435\u0440\u043d\u044b\u0439)", "url_img": "https://cdn21vek.by/img/galleries/7210/481/preview/bloodyb865_a4tech_61f24b09f2225.jpeg", "url_product": "https://www.21vek.by/mouses/bloodyb865_a4tech.html", "price": "195.00"}, {"name": "\u041a\u043b\u0430\u0432\u0438\u0430\u0442\u0443\u0440\u0430 A4Tech Bloody B820R (\u0447\u0435\u0440\u043d\u044b\u0439)", "url_img": "https://cdn21vek.by/img/galleries/544/991/preview/bloodyb820r_a4tech_5aa8fcf8574fa.jpeg", "url_product": "https://www.21vek.by/mouses/bloodyb820r_a4tech.html", "price": "181.94"}, {"name": "\u041a\u043b\u0430\u0432\u0438\u0430\u0442\u0443\u0440\u0430 Razer BlackWidow V3 Pro Green Switch / RZ03-03530800-R3R1", "url_img": "https://cdn21vek.by/img/galleries/6838/414/preview/blackwidowv3progreenswitchrz0303530800r3r1_razer_612cb2a2d8fe5.jpeg", "url_product": "https://www.21vek.by/mouses/blackwidowv3progreenswitchrz0303530800r3r1_razer.html", "price": "599.00"}, {"name": "\u041a\u043b\u0430\u0432\u0438\u0430\u0442\u0443\u0440\u0430 A4Tech Bloody B130", "url_img": "https://cdn21vek.by/img/galleries/556/646/preview/bloodyb130_a4tech_5aa8fe6616b93.jpeg", "url_product": "https://www.21vek.by/mouses/bloodyb130_a4tech.html", "price": "85.00"}, {"name": "\u041a\u043b\u0430\u0432\u0438\u0430\u0442\u0443\u0440\u0430 Akko ACR98 mini RGB Acrylic / 1745898 (Prunus Lannesiana)", "url_img": "https://cdn21vek.by/img/galleries/7886/64/preview/acr98minirgbacrylic1745898_akko_639aecf36a9e1.jpeg", "url_product": "https://www.21vek.by/mouses/acr98minirgbacrylic1745898_akko.html", "price": "424.14"}, {"name": "\u041a\u043b\u0430\u0432\u0438\u0430\u0442\u0443\u0440\u0430 Akko ACR59 RGB Acrylic Tokyo / 1745899", "url_img": "https://cdn21vek.by/img/galleries/7787/483/preview/acr59rgbacrylictokyo1745899_akko_635a90f3c1552.jpeg", "url_product": "https://www.21vek.by/mouses/acr59rgbacrylictokyo1745899_akko.html", "price": "467.99"}, {"name": "\u041a\u043b\u0430\u0432\u0438\u0430\u0442\u0443\u0440\u0430 Akko 3068B Plus Edition White&Blue 3 Modes Jelly Pink / 1561217", "url_img": "https://cdn21vek.by/img/galleries/7745/676/preview/3068bpluseditionwhiteblue3modesjellypink1561217_akko_635ba3ffa1d54.jpeg", "url_product": "https://www.21vek.by/mouses/3068bpluseditionwhiteblue3modesjellypink1561217_akko.html", "price": "321.00"}, {"name": "\u041a\u043b\u0430\u0432\u0438\u0430\u0442\u0443\u0440\u0430 Sven KB-G7400 (\u0447\u0435\u0440\u043d\u044b\u0439)", "url_img": "https://cdn21vek.by/img/galleries/6299/727/preview/kbg7400_sven_5fe04b2948345.jpeg", "url_product": "https://www.21vek.by/mouses/kbg7400_sven.html", "price": "51.20"}, {"name": "\u041a\u043b\u0430\u0432\u0438\u0430\u0442\u0443\u0440\u0430 Redragon Draconic / 77810 (\u0431\u0435\u043b\u044b\u0439)", "url_img": "https://cdn21vek.by/img/galleries/7145/227/preview/draconic77810_redragon_61c984c1912ed.jpeg", "url_product": "https://www.21vek.by/mouses/draconic77810_redragon.html", "price": "229.90"}, {"name": "\u041a\u043b\u0430\u0432\u0438\u0430\u0442\u0443\u0440\u0430 Redragon Kumara Rainbow / 74882", "url_img": "https://cdn21vek.by/img/galleries/5869/327/preview/kumararainbow74882_redragon_5e2ace7175eac.png", "url_product": "https://www.21vek.by/mouses/kumararainbow74882_redragon.html", "price": "122.75"}, {"name": "\u041a\u043b\u0430\u0432\u0438\u0430\u0442\u0443\u0440\u0430 Defender Doom Keeper GK-100DL / 45100", "url_img": "https://cdn21vek.by/img/galleries/506/355/preview/doomkeepergk100dl45100_defender_5a746c6ccf173.png", "url_product": "https://www.21vek.by/mouses/doomkeepergk100dl45100_defender.html", "price": "63.20"}, {"name": "\u041a\u043b\u0430\u0432\u0438\u0430\u0442\u0443\u0440\u0430 Redragon Shiva / 77689", "url_img": "https://cdn21vek.by/img/galleries/6003/147/preview/shiva77689_redragon_5ecbd97442491.png", "url_product": "https://www.21vek.by/mouses/shiva77689_redragon.html", "price": "105.90"}, {"name": "\u041a\u043b\u0430\u0432\u0438\u0430\u0442\u0443\u0440\u0430+\u043c\u044b\u0448\u044c Defender Tark C-779 / 52779 (\u0441 \u043a\u043e\u0432\u0440\u0438\u043a\u043e\u043c)", "url_img": "https://cdn21vek.by/img/galleries/6924/51/preview/tarkc77952779_defender_614b4a820e787.jpeg", "url_product": "https://www.21vek.by/mouses/tarkc77952779_defender.html", "price": "59.90"}, {"name": "\u041a\u043b\u0430\u0432\u0438\u0430\u0442\u0443\u0440\u0430 Defender Blitz GK-240L / 45240", "url_img": "https://cdn21vek.by/img/galleries/6225/188/preview/blitzgk240l45240_defender_600e9a5d96fba.jpeg", "url_product": "https://www.21vek.by/mouses/blitzgk240l45240_defender.html", "price": "91.35"}, {"name": "\u041a\u043b\u0430\u0432\u0438\u0430\u0442\u0443\u0440\u0430+\u043c\u044b\u0448\u044c Sven GS-9100 (\u0447\u0435\u0440\u043d\u044b\u0439)", "url_img": "https://cdn21vek.by/img/galleries/6269/982/preview/gs9100_sven_6013f410a4d7b.jpeg", "url_product": "https://www.21vek.by/mouses/gs9100_sven.html", "price": "62.40"}, {"name": "\u041a\u043b\u0430\u0432\u0438\u0430\u0442\u0443\u0440\u0430 Defender Spark GK-300L RU / 45300", "url_img": "https://cdn21vek.by/img/galleries/6931/408/preview/sparkgk300lru45300_defender_6152bdbb55443.jpeg", "url_product": "https://www.21vek.by/mouses/sparkgk300lru45300_defender.html", "price": "41.27"}, {"name": "\u041a\u043b\u0430\u0432\u0438\u0430\u0442\u0443\u0440\u0430 Defender Arx GK-196L RU / 45196", "url_img": "https://cdn21vek.by/img/galleries/6212/943/preview/arxgk196lru45196_defender_5fa143c2273d7.jpeg", "url_product": "https://www.21vek.by/mouses/arxgk196lru45196_defender.html", "price": "43.49"}, {"name": "\u041a\u043b\u0430\u0432\u0438\u0430\u0442\u0443\u0440\u0430 TFN Saibot KX-2 / TFN-GM-KB-KX-2 (\u0447\u0435\u0440\u043d\u044b\u0439)", "url_img": "https://cdn21vek.by/img/galleries/7421/92/preview/saibotkx2tfngmkbkx2_tnf_62a85b4f27377.jpeg", "url_product": "https://www.21vek.by/mouses/saibotkx2tfngmkbkx2_tnf.html", "price": "28.00"}, {"name": "\u041a\u043b\u0430\u0432\u0438\u0430\u0442\u0443\u0440\u0430+\u043c\u044b\u0448\u044c Defender Singularity MKP-117 / 52117 (\u0441 \u043a\u043e\u0432\u0440\u0438\u043a\u043e\u043c)", "url_img": "https://cdn21vek.by/img/galleries/7677/583/preview/singularitymkp11752117_defender_62f6636525d2c.jpeg", "url_product": "https://www.21vek.by/mouses/singularitymkp11752117_defender.html", "price": "59.90"}, {"name": "\u041a\u043b\u0430\u0432\u0438\u0430\u0442\u0443\u0440\u0430 Redragon Draconic / 77696 (\u0447\u0435\u0440\u043d\u044b\u0439)", "url_img": "https://cdn21vek.by/img/galleries/7145/221/preview/draconic77696_redragon_61c982203a484.jpeg", "url_product": "https://www.21vek.by/mouses/draconic77696_redragon.html", "price": "195.50"}, {"name": "\u041a\u043b\u0430\u0432\u0438\u0430\u0442\u0443\u0440\u0430 A4Tech Bloody B314 (\u0447\u0435\u0440\u043d\u044b\u0439)", "url_img": "https://cdn21vek.by/img/galleries/465/476/preview/bloodyb314_a4tech_5a2550facb1ce.jpeg", "url_product": "https://www.21vek.by/mouses/bloodyb314_a4tech.html", "price": "117.24"}, {"name": "\u041a\u043b\u0430\u0432\u0438\u0430\u0442\u0443\u0440\u0430 Defender Werewolf GK-120DL / 45120", "url_img": "https://cdn21vek.by/img/galleries/506/362/preview/werewolfgk120dl45120_defender_5a746e23c06c9.png", "url_product": "https://www.21vek.by/mouses/werewolfgk120dl45120_defender.html", "price": "56.00"}, {"name": "\u041a\u043b\u0430\u0432\u0438\u0430\u0442\u0443\u0440\u0430+\u043c\u044b\u0448\u044c Defender Singularity MKP-118 / 52118 (\u0441 \u043a\u043e\u0432\u0440\u0438\u043a\u043e\u043c \u0438 \u043d\u0430\u0443\u0448\u043d\u0438\u043a\u0430\u043c\u0438)", "url_img": "https://cdn21vek.by/img/galleries/6570/483/preview/singularitymkp11852118_defender_62fe09fd28508.jpeg", "url_product": "https://www.21vek.by/mouses/singularitymkp11852118_defender.html", "price": "92.80"}, {"name": "\u041a\u043b\u0430\u0432\u0438\u0430\u0442\u0443\u0440\u0430 TFN Saibot KX-1 / TFN-GMKB-KX-1 (\u0447\u0435\u0440\u043d\u044b\u0439)", "url_img": "https://cdn21vek.by/img/galleries/7544/685/preview/saibotkx1tfngmkbkx1_tnf_62a85a6184089.jpeg", "url_product": "https://www.21vek.by/mouses/saibotkx1tfngmkbkx1_tnf.html", "price": "29.70"}, {"name": "\u041a\u043b\u0430\u0432\u0438\u0430\u0442\u0443\u0440\u0430 Oklick 970G Dark Knight", "url_img": "https://cdn21vek.by/img/galleries/6520/660/preview/970gdarkknight_oklick_60d18f162051d.jpeg", "url_product": "https://www.21vek.by/mouses/970gdarkknight_oklick.html", "price": "128.67"}, {"name": "\u041a\u043b\u0430\u0432\u0438\u0430\u0442\u0443\u0440\u0430 Gembird KBW-G540L (\u0447\u0435\u0440\u043d\u044b\u0439)", "url_img": "https://cdn21vek.by/img/galleries/7184/124/preview/kbwg540l_gembird_61e2c4a751aed.jpeg", "url_product": "https://www.21vek.by/mouses/kbwg540l_gembird.html", "price": "202.88"}, {"name": "\u041a\u043b\u0430\u0432\u0438\u0430\u0442\u0443\u0440\u0430 Keychron V4 Black RGB Hot-Swap Red Switch / V4-A1-RU", "url_img": "https://cdn21vek.by/img/galleries/8053/112/preview/v4blackrgbhotswapredswitchv4a1ru_keychron_642d79380a90c.jpeg", "url_product": "https://www.21vek.by/mouses/v4blackrgbhotswapredswitchv4a1ru_keychron.html", "price": "274.12"}, {"name": "\u041a\u043b\u0430\u0432\u0438\u0430\u0442\u0443\u0440\u0430 Sven KB-C7500EL (\u0447\u0435\u0440\u043d\u044b\u0439)", "url_img": "https://cdn21vek.by/img/galleries/8027/856/preview/kbc7500el_sven_63f343e09a03c.jpeg", "url_product": "https://www.21vek.by/mouses/kbc7500el_sven.html", "price": "69.57"}, {"name": "\u041a\u043b\u0430\u0432\u0438\u0430\u0442\u0443\u0440\u0430 Redragon Mitra / 75015 (\u0447\u0435\u0440\u043d\u044b\u0439)", "url_img": "https://cdn21vek.by/img/galleries/5866/831/preview/mitra75015_redragon_5e2acc0515918.png", "url_product": "https://www.21vek.by/mouses/mitra75015_redragon.html", "price": "144.00"}, {"name": "\u041a\u043b\u0430\u0432\u0438\u0430\u0442\u0443\u0440\u0430 A4Tech Bloody B500N (\u0447\u0435\u0440\u043d\u044b\u0439)", "url_img": "https://cdn21vek.by/img/galleries/5913/915/preview/bloodyb500n_a4tech_5e60c02900601.jpeg", "url_product": "https://www.21vek.by/mouses/bloodyb500n_a4tech.html", "price": "119.00"}, {"name": "\u041a\u043b\u0430\u0432\u0438\u0430\u0442\u0443\u0440\u0430 Defender Breath GK-184 / 45184 (\u0431\u0435\u043b\u044b\u0439/\u0440\u0430\u0434\u0443\u0436\u043d\u044b\u0439)", "url_img": "https://cdn21vek.by/img/galleries/8230/722/preview/breathgk18445184_defender_643517bb5a104.jpeg", "url_product": "https://www.21vek.by/mouses/breathgk18445184_defender.html", "price": "55.46"}, {"name": "\u041a\u043b\u0430\u0432\u0438\u0430\u0442\u0443\u0440\u0430 SmartBuy One 231 / SBK-231AG-K (\u0447\u0435\u0440\u043d\u044b\u0439)", "url_img": "https://cdn21vek.by/img/galleries/7501/670/preview/one231sbk231agk_smartbuy_62878c6c632b5.jpeg", "url_product": "https://www.21vek.by/mouses/one231sbk231agk_smartbuy.html", "price": "39.86"}, {"name": "\u041a\u043b\u0430\u0432\u0438\u0430\u0442\u0443\u0440\u0430+\u043c\u044b\u0448\u044c Fury Thunderstreak 3.0 / NFU-1676 (\u0441 \u043d\u0430\u0443\u0448\u043d\u0438\u043a\u0430\u043c\u0438 \u0438 \u043a\u043e\u0432\u0440\u0438\u043a\u043e\u043c)", "url_img": "https://cdn21vek.by/img/galleries/6395/552/preview/thunderstreak30nfu1676_fury_6033b8b7e2e30.jpeg", "url_product": "https://www.21vek.by/mouses/thunderstreak30nfu1676_fury.html", "price": "94.76"}, {"name": "\u041a\u043b\u0430\u0432\u0438\u0430\u0442\u0443\u0440\u0430 Defender Goser GK-772L USB / 45772", "url_img": "https://cdn21vek.by/img/galleries/1129/418/preview/gosergk772lusb45772_defender_5d5fc74bd2b24.png", "url_product": "https://www.21vek.by/mouses/gosergk772lusb45772_defender.html", "price": "54.40"}, {"name": "\u041a\u043b\u0430\u0432\u0438\u0430\u0442\u0443\u0440\u0430+\u043c\u044b\u0448\u044c Marvo CM306 (+ \u043a\u043e\u0432\u0440\u0438\u043a)", "url_img": "https://cdn21vek.by/img/galleries/65595/754/preview/cm306_marvo__61af1aa23f97c.jpeg", "url_product": "https://www.21vek.by/mouses/cm306_marvo_.html", "price": "103.36"}, {"name": "\u041a\u043b\u0430\u0432\u0438\u0430\u0442\u0443\u0440\u0430 A4Tech Bloody Q100 (Black)", "url_img": "https://cdn21vek.by/img/galleries/96/909/preview/bloodyq100_a4tech_544f5339a34ff.jpeg", "url_product": "https://www.21vek.by/mouses/bloodyq100_a4tech.html", "price": "63.00"}, {"name": "\u041a\u043b\u0430\u0432\u0438\u0430\u0442\u0443\u0440\u0430 Defender Mayhem GK-360DL RU / 45360", "url_img": "https://cdn21vek.by/img/galleries/850/373/preview/mayhemgk360dlru45360_defender_5c5064f34947f.png", "url_product": "https://www.21vek.by/mouses/mayhemgk360dlru45360_defender.html", "price": "38.40"}, {"name": "\u041a\u043b\u0430\u0432\u0438\u0430\u0442\u0443\u0440\u0430 Defender Black Raven GK-417 / 45416 (\u0447\u0435\u0440\u043d\u044b\u0439)", "url_img": "https://cdn21vek.by/img/galleries/8230/679/preview/blackravengk41745416_defender_643d0a3c4c33b.jpeg", "url_product": "https://www.21vek.by/mouses/blackravengk41745416_defender.html", "price": "79.90"}, {"name": "\u041a\u043b\u0430\u0432\u0438\u0430\u0442\u0443\u0440\u0430 Redragon Anubis / 70505", "url_img": "https://cdn21vek.by/img/galleries/7911/582/preview/anubis70505_redragon_63e10b9f1ada9.jpeg", "url_product": "https://www.21vek.by/mouses/anubis70505_redragon.html", "price": "229.90"}, {"name": "\u041a\u043b\u0430\u0432\u0438\u0430\u0442\u0443\u0440\u0430 Gembird KB-G400L", "url_img": "https://cdn21vek.by/img/galleries/542/36/preview/kbg400l_gembird_5a8fe2403b5a8.jpeg", "url_product": "https://www.21vek.by/mouses/kbg400l_gembird.html", "price": "75.37"}, {"name": "\u041a\u043b\u0430\u0432\u0438\u0430\u0442\u0443\u0440\u0430 Gembird KB-G540L (\u0447\u0435\u0440\u043d\u044b\u0439)", "url_img": "https://cdn21vek.by/img/galleries/5791/96/preview/kbg540l_gembird_5dde46c1af46f.jpeg", "url_product": "https://www.21vek.by/mouses/kbg540l_gembird.html", "price": "113.88"}, {"name": "\u041a\u043b\u0430\u0432\u0438\u0430\u0442\u0443\u0440\u0430 Sven KB-G9400", "url_img": "https://cdn21vek.by/img/galleries/6687/653/preview/kbg9400_sven_60ebefa066e65.jpeg", "url_product": "https://www.21vek.by/mouses/kbg9400_sven.html", "price": "77.85"}, {"name": "\u041a\u043b\u0430\u0432\u0438\u0430\u0442\u0443\u0440\u0430 A4Tech Bloody B765 (\u0441\u0435\u0440\u044b\u0439)", "url_img": "https://cdn21vek.by/img/galleries/6257/529/preview/bloodyb765_a4tech_6019280113ce3.jpeg", "url_product": "https://www.21vek.by/mouses/bloodyb765_a4tech.html", "price": "162.00"}, {"name": "\u041a\u043b\u0430\u0432\u0438\u0430\u0442\u0443\u0440\u0430 A4Tech Bloody B820R (\u043a\u0440\u0430\u0441\u043d\u044b\u0439)", "url_img": "https://cdn21vek.by/img/galleries/6886/520/preview/bloodyb820r_a4tech_01_613875efacf18.jpeg", "url_product": "https://www.21vek.by/mouses/bloodyb820r_a4tech_01.html", "price": "230.54"}, {"name": "\u041a\u043b\u0430\u0432\u0438\u0430\u0442\u0443\u0440\u0430 Redragon Dark Avenger 2 RU / 70770", "url_img": "https://cdn21vek.by/img/galleries/7625/665/preview/darkavenger2ru70770_redragon_62d9062116701.jpeg", "url_product": "https://www.21vek.by/mouses/darkavenger2ru70770_redragon.html", "price": "118.36"}, {"name": "\u041a\u043b\u0430\u0432\u0438\u0430\u0442\u0443\u0440\u0430 Defender Ultra HB-330L RU USB", "url_img": "https://cdn21vek.by/img/galleries/5669/428/preview/ultrahb330lruusb_defender_603f302aac921.jpeg", "url_product": "https://www.21vek.by/mouses/ultrahb330lruusb_defender.html", "price": "46.27"}, {"name": "\u041a\u043b\u0430\u0432\u0438\u0430\u0442\u0443\u0440\u0430 Keychron V4 Black RGB Hot-Swap Brown Switch / V4-A1-RU", "url_img": "https://cdn21vek.by/img/galleries/8053/113/preview/v4blackrgbhotswapbrownswitchv4a1ru_keychron_6400752620a15.jpeg", "url_product": "https://www.21vek.by/mouses/v4blackrgbhotswapbrownswitchv4a1ru_keychron.html", "price": "266.42"}, {"name": "\u041a\u043b\u0430\u0432\u0438\u0430\u0442\u0443\u0440\u0430 Oklick GMNG 905GK", "url_img": "https://cdn21vek.by/img/galleries/8205/866/preview/gmng905gk_oklick_641b0e1c4e587.jpeg", "url_product": "https://www.21vek.by/mouses/gmng905gk_oklick.html", "price": "135.27"}, {"name": "\u041a\u043b\u0430\u0432\u0438\u0430\u0442\u0443\u0440\u0430 A4Tech Bloody S510R (Icy White)", "url_img": "https://cdn21vek.by/img/galleries/8063/800/preview/bloodys510r_a4tech_01_63fc9c0362ac2.jpeg", "url_product": "https://www.21vek.by/mouses/bloodys510r_a4tech_01.html", "price": "207.28"}, {"name": "\u041a\u043b\u0430\u0432\u0438\u0430\u0442\u0443\u0440\u0430 Qumo Excalibur K67", "url_img": "https://cdn21vek.by/img/galleries/7654/588/preview/excaliburk67_qumo_635693b8b3b01.jpeg", "url_product": "https://www.21vek.by/mouses/excaliburk67_qumo.html", "price": "49.89"}, {"name": "\u041a\u043b\u0430\u0432\u0438\u0430\u0442\u0443\u0440\u0430 Ritmix RKB-561BL (\u0447\u0435\u0440\u043d\u044b\u0439)", "url_img": "https://cdn21vek.by/img/galleries/7661/236/preview/rkb561bl_ritmix_62ecf2db259dc.jpeg", "url_product": "https://www.21vek.by/mouses/rkb561bl_ritmix.html", "price": "73.08"}, {"name": "\u041a\u043b\u0430\u0432\u0438\u0430\u0442\u0443\u0440\u0430 Redragon Hades / 70821", "url_img": "https://cdn21vek.by/img/galleries/7731/740/preview/hades70821_redragon_633195a3b0603.jpeg", "url_product": "https://www.21vek.by/mouses/hades70821_redragon.html", "price": "165.78"}, {"name": "\u041a\u043b\u0430\u0432\u0438\u0430\u0442\u0443\u0440\u0430 A4Tech Bloody B3590R (\u0447\u0435\u0440\u043d\u044b\u0439/\u043a\u0440\u0430\u0441\u043d\u044b\u0439)", "url_img": "https://cdn21vek.by/img/galleries/946/718/preview/bloodyb3590r_a4tech_5cab352d7e7d1.jpeg", "url_product": "https://www.21vek.by/mouses/bloodyb3590r_a4tech.html", "price": "172.42"}, {"name": "\u041a\u043b\u0430\u0432\u0438\u0430\u0442\u0443\u0440\u0430 A4Tech Bloody B810R Battlefield (\u0447\u0435\u0440\u043d\u044b\u0439)", "url_img": "https://cdn21vek.by/img/galleries/6407/789/preview/bloodyb810rbattlefield_a4tech_6156b97166a91.jpeg", "url_product": "https://www.21vek.by/mouses/bloodyb810rbattlefield_a4tech.html", "price": "236.93"}, {"name": "\u041a\u043b\u0430\u0432\u0438\u0430\u0442\u0443\u0440\u0430 A4Tech Bloody B750N Destiny (\u0447\u0435\u0440\u043d\u044b\u0439)", "url_img": "https://cdn21vek.by/img/galleries/7152/423/preview/bloodyb750ndestiny_a4tech_61d6ca02b3b55.jpeg", "url_product": "https://www.21vek.by/mouses/bloodyb750ndestiny_a4tech.html", "price": "178.00"}, {"name": "\u041a\u043b\u0430\u0432\u0438\u0430\u0442\u0443\u0440\u0430 Akko 3061 World Tour Tokyo (Jelly Pink) / 1571140", "url_img": "https://cdn21vek.by/img/galleries/7745/658/preview/3061worldtourtokyojellypink1571140_akko_635a74fb30a73.jpeg", "url_product": "https://www.21vek.by/mouses/3061worldtourtokyojellypink1571140_akko.html", "price": "249.00"}, {"name": "\u041a\u043b\u0430\u0432\u0438\u0430\u0442\u0443\u0440\u0430 A4Tech Bloody B828N (\u0447\u0435\u0440\u043d\u044b\u0439)", "url_img": "https://cdn21vek.by/img/galleries/7152/412/preview/bloodyb828n_a4tech_61d6c752322f3.jpeg", "url_product": "https://www.21vek.by/mouses/bloodyb828n_a4tech.html", "price": "179.00"}, {"name": "\u041a\u043b\u0430\u0432\u0438\u0430\u0442\u0443\u0440\u0430 A4Tech Bloody B120N (\u0447\u0435\u0440\u043d\u044b\u0439)", "url_img": "https://cdn21vek.by/img/galleries/7434/620/preview/bloodyb120n_a4tech_62861b3d32e0e.jpeg", "url_product": "https://www.21vek.by/mouses/bloodyb120n_a4tech.html", "price": "82.62"}, {"name": "\u041a\u043b\u0430\u0432\u0438\u0430\u0442\u0443\u0440\u0430 A4Tech Bloody B820R Blue S", "url_img": "https://cdn21vek.by/img/galleries/779/413/preview/bloodyb820rblues_a4tech_5c13929e3e145.jpeg", "url_product": "https://www.21vek.by/mouses/bloodyb820rblues_a4tech.html", "price": "227.00"}, {"name": "\u041a\u043b\u0430\u0432\u0438\u0430\u0442\u0443\u0440\u0430 Canyon CND-SKB6-RU", "url_img": "https://cdn21vek.by/img/galleries/986/450/preview/cndskb6ru_canyon_5cd27f5d2d531.png", "url_product": "https://www.21vek.by/mouses/cndskb6ru_canyon.html", "price": "139.00"}, {"name": "\u041a\u043b\u0430\u0432\u0438\u0430\u0442\u0443\u0440\u0430 A4Tech Bloody B125N (\u0447\u0435\u0440\u043d\u044b\u0439)", "url_img": "https://cdn21vek.by/img/galleries/5879/543/preview/bloodyb125n_a4tech_5e414b67bf70b.jpeg", "url_product": "https://www.21vek.by/mouses/bloodyb125n_a4tech.html", "price": "92.00"}, {"name": "\u041a\u043b\u0430\u0432\u0438\u0430\u0442\u0443\u0440\u0430 A4Tech Bloody B140N", "url_img": "https://cdn21vek.by/img/galleries/7893/157/preview/bloodyb140n_a4tech_638486866c6c4.jpeg", "url_product": "https://www.21vek.by/mouses/bloodyb140n_a4tech.html", "price": "112.14"}, {"name": "\u041a\u043b\u0430\u0432\u0438\u0430\u0442\u0443\u0440\u0430 Oklick 790G Iron Force", "url_img": "https://cdn21vek.by/img/galleries/6696/83/preview/790gironforce_oklick_60ed4e521edce.jpeg", "url_product": "https://www.21vek.by/mouses/790gironforce_oklick.html", "price": "48.38"}, {"name": "\u041a\u043b\u0430\u0432\u0438\u0430\u0442\u0443\u0440\u0430 Ritmix RKB-555BL", "url_img": "https://cdn21vek.by/img/galleries/7674/928/preview/rkb555bl_ritmix_62f60b9d76127.jpeg", "url_product": "https://www.21vek.by/mouses/rkb555bl_ritmix.html", "price": "72.32"}, {"name": "\u041a\u043b\u0430\u0432\u0438\u0430\u0442\u0443\u0440\u0430 Defender Reborn GK-165DL / 45165", "url_img": "https://cdn21vek.by/img/galleries/6225/184/preview/reborngk165dl45165_defender_6033ae3de485c.jpeg", "url_product": "https://www.21vek.by/mouses/reborngk165dl45165_defender.html", "price": "118.76"}, {"name": "\u041a\u043b\u0430\u0432\u0438\u0430\u0442\u0443\u0440\u0430 SmartBuy One 305 / SBK-305U-W (\u0431\u0435\u043b\u044b\u0439)", "url_img": "https://cdn21vek.by/img/galleries/5943/272/preview/one305sbk305uw_smartbuy_5e74b38eeed18.jpeg", "url_product": "https://www.21vek.by/mouses/one305sbk305uw_smartbuy.html", "price": "49.92"}, {"name": "\u041a\u043b\u0430\u0432\u0438\u0430\u0442\u0443\u0440\u0430 Gembird KB-G550L", "url_img": "https://cdn21vek.by/img/galleries/728/250/preview/kbg550l_gembird_5bc070e9991a6.jpeg", "url_product": "https://www.21vek.by/mouses/kbg550l_gembird.html", "price": "136.32"}, {"name": "\u041a\u043b\u0430\u0432\u0438\u0430\u0442\u0443\u0440\u0430 Razer BlackWidow V3 Tenkeyless / RZ03-03490700-R3R1", "url_img": "https://cdn21vek.by/img/galleries/6837/438/preview/blackwidowv3tenkeylessrz0303490700r3r1_razer_612748000f113.jpeg", "url_product": "https://www.21vek.by/mouses/blackwidowv3tenkeylessrz0303490700r3r1_razer.html", "price": "369.00"}, {"name": "\u041a\u043b\u0430\u0432\u0438\u0430\u0442\u0443\u0440\u0430 Perfeo Bright / PF_B4891 (\u0447\u0435\u0440\u043d\u044b\u0439)", "url_img": "https://cdn21vek.by/img/galleries/7525/179/preview/brightpfb4891_perfeo_6299e337d3522.jpeg", "url_product": "https://www.21vek.by/mouses/brightpfb4891_perfeo.html", "price": "57.31"}, {"name": "\u041a\u043b\u0430\u0432\u0438\u0430\u0442\u0443\u0440\u0430 A4Tech Bloody B188 (\u0447\u0435\u0440\u043d\u044b\u0439)", "url_img": "https://cdn21vek.by/img/galleries/434/307/preview/bloodyb188_a4tech_58eb73e80a528.jpeg", "url_product": "https://www.21vek.by/mouses/bloodyb188_a4tech.html", "price": "100.00"}, {"name": "\u041a\u043b\u0430\u0432\u0438\u0430\u0442\u0443\u0440\u0430 Perfeo Strike / PF-A4390 (\u0447\u0435\u0440\u043d\u044b\u0439)", "url_img": "https://cdn21vek.by/img/galleries/6744/417/preview/strikepfa4390_perfeo_6109668f9e331.jpeg", "url_product": "https://www.21vek.by/mouses/strikepfa4390_perfeo.html", "price": "65.15"}, {"name": "\u041a\u043b\u0430\u0432\u0438\u0430\u0442\u0443\u0440\u0430 Gembird KB-G300L", "url_img": "https://cdn21vek.by/img/galleries/728/249/preview/kbg300l_gembird_5bc06fb7d8906.jpeg", "url_product": "https://www.21vek.by/mouses/kbg300l_gembird.html", "price": "71.30"}, {"name": "\u041a\u043b\u0430\u0432\u0438\u0430\u0442\u0443\u0440\u0430 A4Tech Bloody B808N (\u0447\u0435\u0440\u043d\u044b\u0439)", "url_img": "https://cdn21vek.by/img/galleries/7210/486/preview/bloodyb808n_a4tech_61f2464073a6c.jpeg", "url_product": "https://www.21vek.by/mouses/bloodyb808n_a4tech.html", "price": "198.00"}, {"name": "\u041a\u043b\u0430\u0432\u0438\u0430\u0442\u0443\u0440\u0430 A4Tech Bloody B930", "url_img": "https://cdn21vek.by/img/galleries/556/669/preview/bloodyb930_a4tech_5aa9010e7ac7c.jpeg", "url_product": "https://www.21vek.by/mouses/bloodyb930_a4tech.html", "price": "243.00"}, {"name": "\u041a\u043b\u0430\u0432\u0438\u0430\u0442\u0443\u0440\u0430 Qumo Spirit K09", "url_img": "https://cdn21vek.by/img/galleries/5809/982/preview/spiritk09_qumo_5df7919d6b1d6.jpeg", "url_product": "https://www.21vek.by/mouses/spiritk09_qumo.html", "price": "52.67"}, {"name": "\u041a\u043b\u0430\u0432\u0438\u0430\u0442\u0443\u0440\u0430 Oklick 967G Dark Force", "url_img": "https://cdn21vek.by/img/galleries/7113/503/preview/967gdarkforce_oklick_61b8b94cc6f9e.jpeg", "url_product": "https://www.21vek.by/mouses/967gdarkforce_oklick.html", "price": "103.70"}, {"name": "\u041a\u043b\u0430\u0432\u0438\u0430\u0442\u0443\u0440\u0430 Qumo Office Base K59", "url_img": "https://cdn21vek.by/img/galleries/6160/412/preview/officebasek59_qumo_5f5b579d50f8b.jpeg", "url_product": "https://www.21vek.by/mouses/officebasek59_qumo.html", "price": "46.05"}, {"name": "\u041a\u043b\u0430\u0432\u0438\u0430\u0442\u0443\u0440\u0430 Perfeo Legion / PF-5140 (\u0447\u0435\u0440\u043d\u044b\u0439)", "url_img": "https://cdn21vek.by/img/galleries/6744/399/preview/legionpf5140_perfeo_610962fe7c218.jpeg", "url_product": "https://www.21vek.by/mouses/legionpf5140_perfeo.html", "price": "63.54"}, {"name": "\u041a\u043b\u0430\u0432\u0438\u0430\u0442\u0443\u0440\u0430 Defender Butcher GK-193DL / 45193", "url_img": "https://cdn21vek.by/img/galleries/6225/191/preview/butchergk193dl45193_defender_600e9c850cda5.jpeg", "url_product": "https://www.21vek.by/mouses/butchergk193dl45193_defender.html", "price": "78.92"}, {"name": "\u041a\u043b\u0430\u0432\u0438\u0430\u0442\u0443\u0440\u0430 GENESIS Rhod 400 RGB / NKG-1059 (\u0441 \u043f\u043e\u0434\u0441\u0432\u0435\u0442\u043a\u043e\u0439)", "url_img": "https://cdn21vek.by/img/galleries/622/641/preview/rhod400rgbnkg1059_genesis__5b6d807d76f0a.jpeg", "url_product": "https://www.21vek.by/mouses/rhod400rgbnkg1059_genesis_.html", "price": "88.38"}, {"name": "\u041a\u043b\u0430\u0432\u0438\u0430\u0442\u0443\u0440\u0430 A4Tech Bloody B150N (\u0447\u0435\u0440\u043d\u044b\u0439)", "url_img": "https://cdn21vek.by/img/galleries/1018/343/preview/bloodyb150n_a4tech_5d036dc462872.jpeg", "url_product": "https://www.21vek.by/mouses/bloodyb150n_a4tech.html", "price": "115.72"}, {"name": "\u041a\u043b\u0430\u0432\u0438\u0430\u0442\u0443\u0440\u0430 A4Tech Bloody B3370R", "url_img": "https://cdn21vek.by/img/galleries/629/265/preview/bloodyb3370r_a4tech_5b6d62bd3f4b7.jpeg", "url_product": "https://www.21vek.by/mouses/bloodyb3370r_a4tech.html", "price": "170.00"}, {"name": "\u041a\u043b\u0430\u0432\u0438\u0430\u0442\u0443\u0440\u0430 MSI Vigor GK20 RU USB / S11-04RU230-CLA", "url_img": "https://cdn21vek.by/img/galleries/6407/805/preview/vigorgk20ruusbs1104ru230cla_msi_62c800efc7ce9.jpeg", "url_product": "https://www.21vek.by/mouses/vigorgk20ruusbs1104ru230cla_msi.html", "price": "181.43"}, {"name": "\u041a\u043b\u0430\u0432\u0438\u0430\u0442\u0443\u0440\u0430 A4Tech Bloody B800 (\u0441\u0435\u0440\u044b\u0439/\u0447\u0435\u0440\u043d\u044b\u0439)", "url_img": "https://cdn21vek.by/img/galleries/465/483/preview/bloodyb800_a4tech_59832b5a85ead.jpeg", "url_product": "https://www.21vek.by/mouses/bloodyb800_a4tech.html", "price": "182.00"}, {"name": "\u041a\u043b\u0430\u0432\u0438\u0430\u0442\u0443\u0440\u0430 A4Tech Bloody B810R (\u0447\u0435\u0440\u043d\u044b\u0439)", "url_img": "https://cdn21vek.by/img/galleries/539/792/preview/bloodyb810r_a4tech_5a8c1aab9a2a6.jpeg", "url_product": "https://www.21vek.by/mouses/bloodyb810r_a4tech.html", "price": "220.18"}, {"name": "\u041a\u043b\u0430\u0432\u0438\u0430\u0442\u0443\u0440\u0430 A4Tech Bloody B865N Gun Grey (\u0447\u0435\u0440\u043d\u044b\u0439)", "url_img": "https://cdn21vek.by/img/galleries/7216/403/preview/bloodyb865ngungrey_a4tech_61fbb925d4b76.jpeg", "url_product": "https://www.21vek.by/mouses/bloodyb865ngungrey_a4tech.html", "price": "233.33"}, {"name": "\u041a\u043b\u0430\u0432\u0438\u0430\u0442\u0443\u0440\u0430 A4Tech Bloody B880R (\u0447\u0435\u0440\u043d\u044b\u0439)", "url_img": "https://cdn21vek.by/img/galleries/1027/642/preview/bloodyb880r_a4tech_5d037582c3494.jpeg", "url_product": "https://www.21vek.by/mouses/bloodyb880r_a4tech.html", "price": "260.83"}, {"name": "\u041a\u043b\u0430\u0432\u0438\u0430\u0442\u0443\u0440\u0430 Qumo Twins K68", "url_img": "https://cdn21vek.by/img/galleries/7654/591/preview/twinsk68_qumo_6331a1469844e.jpeg", "url_product": "https://www.21vek.by/mouses/twinsk68_qumo.html", "price": "45.09"}, {"name": "\u041a\u043b\u0430\u0432\u0438\u0430\u0442\u0443\u0440\u0430 Marvo K606 (\u0447\u0435\u0440\u043d\u044b\u0439)", "url_img": "https://cdn21vek.by/img/galleries/65595/724/preview/k606_marvo__61af170d6972c.jpeg", "url_product": "https://www.21vek.by/mouses/k606_marvo_.html", "price": "47.17"}, {"name": "\u041a\u043b\u0430\u0432\u0438\u0430\u0442\u0443\u0440\u0430 Qumo Antares K60", "url_img": "https://cdn21vek.by/img/galleries/6420/491/preview/antaresk60_qumo_6048b0b89e8c9.jpeg", "url_product": "https://www.21vek.by/mouses/antaresk60_qumo.html", "price": "52.77"}, {"name": "\u041a\u043b\u0430\u0432\u0438\u0430\u0442\u0443\u0440\u0430 Oklick 757G HW2", "url_img": "https://cdn21vek.by/img/galleries/8205/837/preview/757ghw2_oklick_641b05dfc59cc.jpeg", "url_product": "https://www.21vek.by/mouses/757ghw2_oklick.html", "price": "53.57"}, {"name": "\u041a\u043b\u0430\u0432\u0438\u0430\u0442\u0443\u0440\u0430 Defender GK-116 / 45117", "url_img": "https://cdn21vek.by/img/galleries/7824/687/preview/gk11645117_defender_63fcb94e836d5.jpeg", "url_product": "https://www.21vek.by/mouses/gk11645117_defender.html", "price": "56.00"}, {"name": "\u041a\u043b\u0430\u0432\u0438\u0430\u0442\u0443\u0440\u0430 Oklick 520M2U (\u0447\u0435\u0440\u043d\u044b\u0439)", "url_img": "https://cdn21vek.by/img/galleries/5892/241/preview/520m2u_oklick_5e455ad3d4396.jpeg", "url_product": "https://www.21vek.by/mouses/520m2u_oklick.html", "price": "56.83"}, {"name": "\u041a\u043b\u0430\u0432\u0438\u0430\u0442\u0443\u0440\u0430 Qumo Fallen 2 K56", "url_img": "https://cdn21vek.by/img/galleries/6160/415/preview/fallen2k56_qumo_5f5b5555b9af8.jpeg", "url_product": "https://www.21vek.by/mouses/fallen2k56_qumo.html", "price": "59.46"}, {"name": "\u041a\u043b\u0430\u0432\u0438\u0430\u0442\u0443\u0440\u0430 Defender Ozoth GK-106 / 45106 (\u0447\u0435\u0440\u043d\u044b\u0439/\u0440\u0430\u0434\u0443\u0436\u043d\u044b\u0439)", "url_img": "https://cdn21vek.by/img/galleries/8230/732/preview/ozothgk10645106_defender_643d07aa84d3f.jpeg", "url_product": "https://www.21vek.by/mouses/ozothgk10645106_defender.html", "price": "59.58"}, {"name": "\u041a\u043b\u0430\u0432\u0438\u0430\u0442\u0443\u0440\u0430 Oklick Sheriff 721G", "url_img": "https://cdn21vek.by/img/galleries/1166/105/preview/sheriff721g_oklick_5d5ff576078b4.jpeg", "url_product": "https://www.21vek.by/mouses/sheriff721g_oklick.html", "price": "60.19"}, {"name": "\u041a\u043b\u0430\u0432\u0438\u0430\u0442\u0443\u0440\u0430 SmartBuy Rush Metal Heart 354 USB / SBK-354GU-K (\u0447\u0435\u0440\u043d\u044b\u0439)", "url_img": "https://cdn21vek.by/img/galleries/7501/689/preview/rushmetalheart354usbsbk354guk_smartbuy_62878fb89616e.jpeg", "url_product": "https://www.21vek.by/mouses/rushmetalheart354usbsbk354guk_smartbuy.html", "price": "60.21"}, {"name": "\u041a\u043b\u0430\u0432\u0438\u0430\u0442\u0443\u0440\u0430 Perfeo Skin Multimedia Game Design / PF-B4893 (\u0447\u0435\u0440\u043d\u044b\u0439)", "url_img": "https://cdn21vek.by/img/galleries/7572/766/preview/skinmultimediagamedesignpfb4893_perfeo_62c8070d02a93.jpeg", "url_product": "https://www.21vek.by/mouses/skinmultimediagamedesignpfb4893_perfeo.html", "price": "65.41"}, {"name": "\u041a\u043e\u0432\u0440\u0438\u043a \u0434\u043b\u044f \u043c\u044b\u0448\u0438 Qumo Dominator K66/M83", "url_img": "https://cdn21vek.by/img/galleries/7213/593/preview/dominatork66m83_qumo_6220af9920622.jpeg", "url_product": "https://www.21vek.by/mouses/dominatork66m83_qumo.html", "price": "78.21"}, {"name": "\u041a\u043b\u0430\u0432\u0438\u0430\u0442\u0443\u0440\u0430 Defender Black Raven GK-417 / 45417 (\u0433\u0440\u0430\u0444\u0438\u0442)", "url_img": "https://cdn21vek.by/img/galleries/8230/683/preview/blackravengk41745417_defender_643d0f1bca99c.jpeg", "url_product": "https://www.21vek.by/mouses/blackravengk41745417_defender.html", "price": "79.90"}, {"name": "\u041a\u043b\u0430\u0432\u0438\u0430\u0442\u0443\u0440\u0430 Gembird KB-G520L", "url_img": "https://cdn21vek.by/img/galleries/6435/696/preview/kbg520l_gembird_6054a4487a895.jpeg", "url_product": "https://www.21vek.by/mouses/kbg520l_gembird.html", "price": "108.95"}, {"name": "\u041a\u043b\u0430\u0432\u0438\u0430\u0442\u0443\u0440\u0430 A4Tech Bloody B135N (\u0447\u0435\u0440\u043d\u044b\u0439)", "url_img": "https://cdn21vek.by/img/galleries/7893/158/preview/bloodyb135n_a4tech_63c90add7ed2e.jpeg", "url_product": "https://www.21vek.by/mouses/bloodyb135n_a4tech.html", "price": "113.62"}, {"name": "\u041a\u043b\u0430\u0432\u0438\u0430\u0442\u0443\u0440\u0430 Defender Eternal GK-019 / 45019 (\u0431\u0435\u043b\u044b\u0439)", "url_img": "https://cdn21vek.by/img/galleries/8230/713/preview/eternalgk01945019_defender_643d0c3184823.jpeg", "url_product": "https://www.21vek.by/mouses/eternalgk01945019_defender.html", "price": "119.00"}, {"name": "\u041a\u043b\u0430\u0432\u0438\u0430\u0442\u0443\u0440\u0430 A4Tech Bloody B160N (\u0447\u0435\u0440\u043d\u044b\u0439)", "url_img": "https://cdn21vek.by/img/galleries/1018/341/preview/bloodyb160n_a4tech_5d036c254979f.jpeg", "url_product": "https://www.21vek.by/mouses/bloodyb160n_a4tech.html", "price": "122.00"}, {"name": "\u041a\u043b\u0430\u0432\u0438\u0430\u0442\u0443\u0440\u0430 A4Tech Bloody B3590R (\u0447\u0435\u0440\u043d\u044b\u0439/\u0441\u0435\u0440\u044b\u0439)", "url_img": "https://cdn21vek.by/img/galleries/1018/329/preview/bloodyb3590r_a4tech_01_5d3ff6f58f488.jpeg", "url_product": "https://www.21vek.by/mouses/bloodyb3590r_a4tech_01.html", "price": "162.00"}, {"name": "\u041a\u043b\u0430\u0432\u0438\u0430\u0442\u0443\u0440\u0430 A4Tech Bloddy B760 / 65545 (Neon)", "url_img": "https://cdn21vek.by/img/galleries/6952/536/preview/bloddyb76065545_a4tech_61571e594c4a2.jpeg", "url_product": "https://www.21vek.by/mouses/bloddyb76065545_a4tech.html", "price": "169.74"}, {"name": "\u041a\u043b\u0430\u0432\u0438\u0430\u0442\u0443\u0440\u0430 Aula Mechanical Assault Wired Keyboard / 225162", "url_img": "https://cdn21vek.by/img/galleries/6255/577/preview/mechanicalassaultwiredkeyboard225162_aula_5fd346a297855.jpeg", "url_product": "https://www.21vek.by/mouses/mechanicalassaultwiredkeyboard225162_aula.html", "price": "174.73"}, {"name": "\u041a\u043b\u0430\u0432\u0438\u0430\u0442\u0443\u0440\u0430 A4Tech Bloody S510N (\u0447\u0435\u0440\u043d\u044b\u0439)", "url_img": "https://cdn21vek.by/img/galleries/7874/201/preview/blooodys510n_a4tech_01_63c8fe6acaa10.jpeg", "url_product": "https://www.21vek.by/mouses/blooodys510n_a4tech_01.html", "price": "176.00"}, {"name": "\u041a\u043b\u0430\u0432\u0438\u0430\u0442\u0443\u0440\u0430 A4Tech Bloody S510 (\u0447\u0435\u0440\u043d\u044b\u0439)", "url_img": "https://cdn21vek.by/img/galleries/7874/206/preview/blooodys510_a4tech_6405fb270acb7.jpeg", "url_product": "https://www.21vek.by/mouses/blooodys510_a4tech.html", "price": "182.00"}, {"name": "\u041a\u043b\u0430\u0432\u0438\u0430\u0442\u0443\u0440\u0430 Gembird KBW-G510L", "url_img": "https://cdn21vek.by/img/galleries/8010/394/preview/kbwg510l_gembird_63fcb6e1518d4.jpeg", "url_product": "https://www.21vek.by/mouses/kbwg510l_gembird.html", "price": "190.85"}, {"name": "\u041a\u043b\u0430\u0432\u0438\u0430\u0442\u0443\u0440\u0430 A4Tech Bloody S510NP", "url_img": "https://cdn21vek.by/img/galleries/8113/608/preview/bloodys510np_a4tech_6405f894b3acf.jpeg", "url_product": "https://www.21vek.by/mouses/bloodys510np_a4tech.html", "price": "198.06"}, {"name": "\u041a\u043b\u0430\u0432\u0438\u0430\u0442\u0443\u0440\u0430 A4Tech Bloody S510R (Fire Black)", "url_img": "https://cdn21vek.by/img/galleries/8063/804/preview/bloodys510r_a4tech_641b007a8f265.jpeg", "url_product": "https://www.21vek.by/mouses/bloodys510r_a4tech.html", "price": "207.28"}, {"name": "\u041a\u043b\u0430\u0432\u0438\u0430\u0442\u0443\u0440\u0430 A4Tech Bloody B820N (\u0447\u0435\u0440\u043d\u044b\u0439/\u043a\u0440\u0430\u0441\u043d\u044b\u0439)", "url_img": "https://cdn21vek.by/img/galleries/7175/30/preview/bloodyb820n_a4tech_61dfdaa6c402a.jpeg", "url_product": "https://www.21vek.by/mouses/bloodyb820n_a4tech.html", "price": "212.00"}, {"name": "\u041a\u043b\u0430\u0432\u0438\u0430\u0442\u0443\u0440\u0430 Crown CMGK-902", "url_img": "https://cdn21vek.by/img/galleries/6454/351/preview/cmgk902_crow_n_6065a7576651c.jpeg", "url_product": "https://www.21vek.by/mouses/cmgk902_crow_n.html", "price": "214.52"}, {"name": "\u041a\u043b\u0430\u0432\u0438\u0430\u0442\u0443\u0440\u0430 A4Tech Bloody B810RC", "url_img": "https://cdn21vek.by/img/galleries/7210/496/preview/bloodyb810rc_a4tech_61f248b5dddef.jpeg", "url_product": "https://www.21vek.by/mouses/bloodyb810rc_a4tech.html", "price": "228.00"}, {"name": "\u041a\u043b\u0430\u0432\u0438\u0430\u0442\u0443\u0440\u0430 GENESIS Thor 380 RGB / NKG-1725 (\u043d\u0435\u0442 \u043a\u0438\u0440\u0438\u043b\u043b\u0438\u0446\u044b)", "url_img": "https://cdn21vek.by/img/galleries/65551/644/preview/thor380rgbnkg1725_genesis__6197ff814bb52.jpeg", "url_product": "https://www.21vek.by/mouses/thor380rgbnkg1725_genesis_.html", "price": "232.89"}, {"name": "\u041a\u043b\u0430\u0432\u0438\u0430\u0442\u0443\u0440\u0430 GENESIS Thor 401 RGB / NKG-1724 (\u043d\u0435\u0442 \u043a\u0438\u0440\u0438\u043b\u043b\u0438\u0446\u044b)", "url_img": "https://cdn21vek.by/img/galleries/65551/657/preview/thor401rgbnkg1724_genesis__6197faff359fd.jpeg", "url_product": "https://www.21vek.by/mouses/thor401rgbnkg1724_genesis_.html", "price": "248.27"}, {"name": "\u041a\u043b\u0430\u0432\u0438\u0430\u0442\u0443\u0440\u0430 GENESIS Thor 400 RGB / NKG-1723 (\u043d\u0435\u0442 \u043a\u0438\u0440\u0438\u043b\u043b\u0438\u0446\u044b)", "url_img": "https://cdn21vek.by/img/galleries/65551/653/preview/thor400rgbnkg1723_genesis__6197fe2118703.jpeg", "url_product": "https://www.21vek.by/mouses/thor400rgbnkg1723_genesis_.html", "price": "249.22"}, {"name": "\u041a\u043b\u0430\u0432\u0438\u0430\u0442\u0443\u0440\u0430 A4Tech Bloody B810RC (Punk Yellow)", "url_img": "https://cdn21vek.by/img/galleries/8228/204/preview/bloodyb810rc_a4tech_01_642d6137bd627.jpeg", "url_product": "https://www.21vek.by/mouses/bloodyb810rc_a4tech_01.html", "price": "255.02"}, {"name": "\u041a\u043b\u0430\u0432\u0438\u0430\u0442\u0443\u0440\u0430 GENESIS Thor 660 Black / NKG-1844", "url_img": "https://cdn21vek.by/img/galleries/7820/437/preview/thor660blacknkg1844_genesis__638dedf40ec62.jpeg", "url_product": "https://www.21vek.by/mouses/thor660blacknkg1844_genesis_.html", "price": "256.43"}, {"name": "\u041a\u043b\u0430\u0432\u0438\u0430\u0442\u0443\u0440\u0430 GENESIS Thor 420 RGB / NKG-1587 (\u043d\u0435\u0442 \u043a\u0438\u0440\u0438\u043b\u043b\u0438\u0446\u044b)", "url_img": "https://cdn21vek.by/img/galleries/65551/663/preview/thor420rgbnkg1587_genesis__6197f8c66f6a8.jpeg", "url_product": "https://www.21vek.by/mouses/thor420rgbnkg1587_genesis_.html", "price": "277.54"}, {"name": "\u041a\u043b\u0430\u0432\u0438\u0430\u0442\u0443\u0440\u0430 Dareu A87L Swallow", "url_img": "https://cdn21vek.by/img/galleries/8243/313/preview/a87lswallow_dareu_64415234adfc8.jpeg", "url_product": "https://www.21vek.by/mouses/a87lswallow_dareu.html", "price": "288.52"}, {"name": "\u041a\u043b\u0430\u0432\u0438\u0430\u0442\u0443\u0440\u0430 A4Tech Bloody B975", "url_img": "https://cdn21vek.by/img/galleries/556/675/preview/bloodyb975_a4tech_5aa9023038d87.jpeg", "url_product": "https://www.21vek.by/mouses/bloodyb975_a4tech.html", "price": "304.00"}, {"name": "\u041a\u043b\u0430\u0432\u0438\u0430\u0442\u0443\u0440\u0430 Dareu A87L Dream", "url_img": "https://cdn21vek.by/img/galleries/8243/312/preview/a87ldream_dareu_64423134956cc.jpeg", "url_product": "https://www.21vek.by/mouses/a87ldream_dareu.html", "price": "305.44"}, {"name": "\u041a\u043b\u0430\u0432\u0438\u0430\u0442\u0443\u0440\u0430 Akko 3098S Dracula Castle Jelly Pink / 309898", "url_img": "https://cdn21vek.by/img/galleries/8099/717/preview/3098sdraculacastlejellypink309898_akko_63e11a71a9f77.jpeg", "url_product": "https://www.21vek.by/mouses/3098sdraculacastlejellypink309898_akko.html", "price": "328.00"}, {"name": "\u041a\u043b\u0430\u0432\u0438\u0430\u0442\u0443\u0440\u0430 Akko 3098S Dracula Castle Jelly Purple / 309899", "url_img": "https://cdn21vek.by/img/galleries/8099/716/preview/3098sdraculacastlejellypurple309899_akko_63e37ddbd75b9.jpeg", "url_product": "https://www.21vek.by/mouses/3098sdraculacastlejellypurple309899_akko.html", "price": "329.00"}, {"name": "\u041a\u043b\u0430\u0432\u0438\u0430\u0442\u0443\u0440\u0430 Akko 3098S Dracula Castle Silver / 309810", "url_img": "https://cdn21vek.by/img/galleries/8099/714/preview/3098sdraculacastlesilver309810_akko_63e37dc61ecb4.jpeg", "url_product": "https://www.21vek.by/mouses/3098sdraculacastlesilver309810_akko.html", "price": "345.71"}, {"name": "\u041a\u043b\u0430\u0432\u0438\u0430\u0442\u0443\u0440\u0430 Dareu A87X (\u0433\u043e\u043b\u0443\u0431\u043e\u0439/\u0431\u0435\u043b\u044b\u0439)", "url_img": "https://cdn21vek.by/img/galleries/8243/310/preview/a87x_dareu_6442394460cc3.jpeg", "url_product": "https://www.21vek.by/mouses/a87x_dareu.html", "price": "378.98"}, {"name": "\u041a\u043b\u0430\u0432\u0438\u0430\u0442\u0443\u0440\u0430 Akko 3098B Black&Gold 3 Modes RGB Hot Swap Jelly Purple / 1561228", "url_img": "https://cdn21vek.by/img/galleries/7753/579/preview/3098bblackgold3modesrgbhotswapjellypurple1561228_akko_635b9d3f8c5b9.jpeg", "url_product": "https://www.21vek.by/mouses/3098bblackgold3modesrgbhotswapjellypurple1561228_akko.html", "price": "380.86"}, {"name": "\u041a\u043b\u0430\u0432\u0438\u0430\u0442\u0443\u0440\u0430 Akko 3098B White&Blue 3 Modes RGB Hot Swap Jelly Purple / 1561230", "url_img": "https://cdn21vek.by/img/galleries/7745/721/preview/3098bwhiteblue3modesrgbhotswapjellypurple1561230_akko_635ba9fa2a618.jpeg", "url_product": "https://www.21vek.by/mouses/3098bwhiteblue3modesrgbhotswapjellypurple1561230_akko.html", "price": "383.00"}, {"name": "\u041a\u043b\u0430\u0432\u0438\u0430\u0442\u0443\u0440\u0430 Akko 3098B White&Blue 3 Modes RGB Hot Swap Jelly Pink / 1561229", "url_img": "https://cdn21vek.by/img/galleries/7745/712/preview/098bwhiteblue3modesrgbhotswapjellypink1561229_akko_635ba8012d241.jpeg", "url_product": "https://www.21vek.by/mouses/098bwhiteblue3modesrgbhotswapjellypink1561229_akko.html", "price": "395.00"}, {"name": "\u041a\u043b\u0430\u0432\u0438\u0430\u0442\u0443\u0440\u0430 Akko 3098B Black&Gold 3 Modes RGB Hot Swap (Jelly Pink) / 1561227", "url_img": "https://cdn21vek.by/img/galleries/7720/779/preview/3098bblackgold3modesrgbhotswapjellypink1561227_akko_635a88e874752.jpeg", "url_product": "https://www.21vek.by/mouses/3098bblackgold3modesrgbhotswapjellypink1561227_akko.html", "price": "395.41"}, {"name": "\u041a\u043b\u0430\u0432\u0438\u0430\u0442\u0443\u0440\u0430 Razer Tartarus Pro / RZ07-03110100-R3M1 (\u0447\u0435\u0440\u043d\u044b\u0439)", "url_img": "https://cdn21vek.by/img/galleries/6007/965/preview/tartarusprorz0703110100r3m1_razer_643e535347175.jpeg", "url_product": "https://www.21vek.by/mouses/tartarusprorz0703110100r3m1_razer.html", "price": "399.00"}, {"name": "\u041a\u043b\u0430\u0432\u0438\u0430\u0442\u0443\u0440\u0430 Dareu A87X (\u0447\u0435\u0440\u043d\u044b\u0439/\u0431\u0435\u043b\u044b\u0439)", "url_img": "https://cdn21vek.by/img/galleries/8243/300/preview/a87x_dareu_01_644234c996be6.jpeg", "url_product": "https://www.21vek.by/mouses/a87x_dareu_01.html", "price": "399.18"}, {"name": "\u041a\u043b\u0430\u0432\u0438\u0430\u0442\u0443\u0440\u0430 GENESIS RX85 RGB / NKG-0959 (\u043d\u0435\u0442 \u043a\u0438\u0440\u0438\u043b\u043b\u0438\u0446\u044b)", "url_img": "https://cdn21vek.by/img/galleries/65551/635/preview/rx85rgbnkg0959_genesis__619801367bf65.jpeg", "url_product": "https://www.21vek.by/mouses/rx85rgbnkg0959_genesis_.html", "price": "400.76"}, {"name": "\u041a\u043b\u0430\u0432\u0438\u0430\u0442\u0443\u0440\u0430 Akko 5108S Black&Gold USB Cable RGB Hot Swap Jelly Purple / 1561232", "url_img": "https://cdn21vek.by/img/galleries/7815/284/preview/5108sblackgoldusbcablergbhotswapjellypurple1561232_akko_635ba61c5fa70.jpeg", "url_product": "https://www.21vek.by/mouses/5108sblackgoldusbcablergbhotswapjellypurple1561232_akko.html", "price": "401.00"}, {"name": "\u041a\u043b\u0430\u0432\u0438\u0430\u0442\u0443\u0440\u0430 Razer Huntsman Mini Mercury Ed (RZ03-03392200-R3R1)", "url_img": "https://cdn21vek.by/img/galleries/6952/678/preview/huntsmanminimercuryedrz0303392200r3r1_razer_6157222b73ef1.jpeg", "url_product": "https://www.21vek.by/mouses/huntsmanminimercuryedrz0303392200r3r1_razer.html", "price": "429.00"}, {"name": "\u041a\u043b\u0430\u0432\u0438\u0430\u0442\u0443\u0440\u0430 Akko 3098N Black&Gold 3 Modes RGB/TTC Switch Demon / 1746099", "url_img": "https://cdn21vek.by/img/galleries/8108/668/preview/3098nblackgold3modesrgbttcswitchdemon1746099_akko_63e3826ac1976.jpeg", "url_product": "https://www.21vek.by/mouses/3098nblackgold3modesrgbttcswitchdemon1746099_akko.html", "price": "507.05"}, {"name": "\u041a\u043b\u0430\u0432\u0438\u0430\u0442\u0443\u0440\u0430 MSI Vigor GK50 Low Profile RU USB / S11-04RU225-GA7", "url_img": "https://cdn21vek.by/img/galleries/6407/809/preview/vigorgk50lowprofileruusbs1104ru225ga7_msi_62c80412e9618.jpeg", "url_product": "https://www.21vek.by/mouses/vigorgk50lowprofileruusbs1104ru225ga7_msi.html", "price": "595.85"}, {"name": "\u041a\u043b\u0430\u0432\u0438\u0430\u0442\u0443\u0440\u0430 Royal Kludge RK61 RGB (\u0447\u0435\u0440\u043d\u044b\u0439, Red Switch)", "url_img": "https://cdn21vek.by/img/galleries/8246/523/preview/rk61rgb_royakludge_01_645205a269144.jpeg", "url_product": "https://www.21vek.by/mouses/rk61rgb_royakludge_01.html", "price": "181.99"}, {"name": "\u041a\u043b\u0430\u0432\u0438\u0430\u0442\u0443\u0440\u0430 Royal Kludge RK61 RGB (\u0447\u0435\u0440\u043d\u044b\u0439, Brown Switch)", "url_img": "https://cdn21vek.by/img/galleries/8246/526/preview/rk61rgb_royakludge_64520464308b2.jpeg", "url_product": "https://www.21vek.by/mouses/rk61rgb_royakludge.html", "price": "190.44"}]]