["\u0418\u0433\u0440\u043e\u0432\u044b\u0435 \u043c\u044b\u0448\u0438", [{"name": "\u041c\u044b\u0448\u044c Logitech G102 Lightsync / 910-005823 (\u0447\u0435\u0440\u043d\u044b\u0439)", "url_img": "https://cdn21vek.by/img/galleries/6042/502/preview/g102lightsync910005823_logitech_5eecbc148122b.jpeg", "url_product": "https://www.21vek.by/mouses/g102lightsync910005823_logitech.html", "price": "125.00"}, {"name": "\u041a\u043b\u0430\u0432\u0438\u0430\u0442\u0443\u0440\u0430+\u043c\u044b\u0448\u044c Hoco GM12 (\u0447\u0435\u0440\u043d\u044b\u0439)", "url_img": "https://cdn21vek.by/img/galleries/7966/521/preview/gm12_hoco_63a9bbf95b445.jpeg", "url_product": "https://www.21vek.by/mouses/gm12_hoco.html", "price": "67.00"}, {"name": "\u041c\u044b\u0448\u044c A4Tech Bloody V8 (\u0447\u0435\u0440\u043d\u044b\u0439)", "url_img": "https://cdn21vek.by/img/galleries/62/759/preview/a4tech_bloodyv8_53f6eadd9c94b.jpeg", "url_product": "https://www.21vek.by/mouses/a4tech_bloodyv8.html", "price": "78.56"}, {"name": "\u041c\u044b\u0448\u044c A4Tech Bloody V7 (\u0447\u0435\u0440\u043d\u044b\u0439)", "url_img": "https://cdn21vek.by/img/galleries/62/760/preview/a4tech_bloodyv7_53bd4c5dbde83.jpeg", "url_product": "https://www.21vek.by/mouses/a4tech_bloodyv7.html", "price": "69.00"}, {"name": "\u041d\u0430\u0431\u043e\u0440 \u0438\u0433\u0440\u043e\u0432\u044b\u0445 \u0443\u0441\u0442\u0440\u043e\u0439\u0441\u0442\u0432 Defender Tor MHP-127 / 52127 (\u043c\u044b\u0448\u044c/\u043a\u043b\u0430\u0432\u0438\u0430\u0442\u0443\u0440\u0430/\u0433\u0430\u0440\u043d\u0438\u0442\u0443\u0440\u0430/\u043a\u043e\u0432\u0440\u0438\u043a/\u043a\u043e\u043b\u043e\u043d\u043a\u0438)", "url_img": "https://cdn21vek.by/img/galleries/6533/553/preview/tormhp12752127_defender_63ce9942b5147.jpeg", "url_product": "https://www.21vek.by/mouses/tormhp12752127_defender.html", "price": "109.40"}, {"name": "\u041c\u044b\u0448\u044c Redragon Impact Elite / 77855", "url_img": "https://cdn21vek.by/img/galleries/7888/537/preview/impactelite77855_redragon_63e1162919a68.jpeg", "url_product": "https://www.21vek.by/mouses/impactelite77855_redragon.html", "price": "159.90"}, {"name": "\u041c\u044b\u0448\u044c Canyon CND-SGM15", "url_img": "https://cdn21vek.by/img/galleries/6434/533/preview/cndsgm15_canyon_6051bd357903b.jpeg", "url_product": "https://www.21vek.by/mouses/cndsgm15_canyon.html", "price": "34.90"}, {"name": "\u041c\u044b\u0448\u044c Hoco GM19 (\u0447\u0435\u0440\u043d\u044b\u0439)", "url_img": "https://cdn21vek.by/img/galleries/8039/17/preview/gm19_hoco_63ce6f846bcf3.jpeg", "url_product": "https://www.21vek.by/mouses/gm19_hoco.html", "price": "16.52"}, {"name": "\u041a\u043b\u0430\u0432\u0438\u0430\u0442\u0443\u0440\u0430+\u043c\u044b\u0448\u044c Qumo Axe Strike (\u0441 \u043a\u043e\u0432\u0440\u0438\u043a\u043e\u043c)", "url_img": "https://cdn21vek.by/img/galleries/6160/435/preview/axestrike_qumo_5f5b6b3bca2ea.jpeg", "url_product": "https://www.21vek.by/mouses/axestrike_qumo.html", "price": "85.20"}, {"name": "\u041a\u043b\u0430\u0432\u0438\u0430\u0442\u0443\u0440\u0430+\u043c\u044b\u0448\u044c Hoco GM18 (\u0447\u0435\u0440\u043d\u044b\u0439)", "url_img": "https://cdn21vek.by/img/galleries/8039/22/preview/gm18_hoco_63ce736fc66ee.jpeg", "url_product": "https://www.21vek.by/mouses/gm18_hoco.html", "price": "49.00"}, {"name": "\u041c\u044b\u0448\u044c A4Tech Bloody W90 Pro (\u0447\u0435\u0440\u043d\u044b\u0439)", "url_img": "https://cdn21vek.by/img/galleries/6981/639/preview/bloodyw90pro_a4tech_6168455c221ae.jpeg", "url_product": "https://www.21vek.by/mouses/bloodyw90pro_a4tech.html", "price": "155.00"}, {"name": "\u041c\u044b\u0448\u044c Defender Shepard GM-620L / 52620", "url_img": "https://cdn21vek.by/img/galleries/7002/46/preview/shepardgm620l52620_defender_6172bbf418097.jpeg", "url_product": "https://www.21vek.by/mouses/shepardgm620l52620_defender.html", "price": "41.07"}, {"name": "\u041c\u044b\u0448\u044c QUB Gaming QGMWD002", "url_img": "https://cdn21vek.by/img/galleries/8177/311/preview/qgmwd002_qubgaming_6400b84560796.jpeg", "url_product": "https://www.21vek.by/mouses/qgmwd002_qubgaming.html", "price": "23.99"}, {"name": "\u041c\u044b\u0448\u044c A4Tech Bloody Blazing A7 (\u0447\u0435\u0440\u043d\u044b\u0439)", "url_img": "https://cdn21vek.by/img/galleries/447/741/preview/bloodyblazinga7_a4tech_59045c2dea940.jpeg", "url_product": "https://www.21vek.by/mouses/bloodyblazinga7_a4tech.html", "price": "103.00"}, {"name": "\u041c\u044b\u0448\u044c A4Tech XL-747H (\u0447\u0435\u0440\u043d\u044b\u0439/\u043a\u043e\u0440\u0438\u0447\u043d\u0435\u0432\u044b\u0439)", "url_img": "https://cdn21vek.by/img/galleries/434/331/preview/xl747h_a4tech_5900b10f3241a.jpeg", "url_product": "https://www.21vek.by/mouses/xl747h_a4tech.html", "price": "113.77"}, {"name": "\u041c\u044b\u0448\u044c A4Tech Bloody J95s Satellite", "url_img": "https://cdn21vek.by/img/galleries/6203/948/preview/bloodyj95ssatellite_a4tech_5fa3e6c4d3067.jpeg", "url_product": "https://www.21vek.by/mouses/bloodyj95ssatellite_a4tech.html", "price": "92.00"}, {"name": "\u041c\u044b\u0448\u044c Redragon Storm RGB / 77933 (\u0431\u0435\u043b\u044b\u0439)", "url_img": "https://cdn21vek.by/img/galleries/7100/352/preview/stormrgb77933_redragon_61b6f67d35ef0.jpeg", "url_product": "https://www.21vek.by/mouses/stormrgb77933_redragon.html", "price": "93.90"}, {"name": "\u041c\u044b\u0448\u044c Marvo M359 (\u0447\u0435\u0440\u043d\u044b\u0439)", "url_img": "https://cdn21vek.by/img/galleries/65595/696/preview/m359_marvo__61af0d11b2a6a.jpeg", "url_product": "https://www.21vek.by/mouses/m359_marvo_.html", "price": "38.61"}, {"name": "\u041c\u044b\u0448\u044c A4Tech Bloody Blazing A70", "url_img": "https://cdn21vek.by/img/galleries/432/701/preview/bloodyblazinga70_a4tech_58ca8d89be0ca.jpeg", "url_product": "https://www.21vek.by/mouses/bloodyblazinga70_a4tech.html", "price": "84.87"}, {"name": "\u041c\u044b\u0448\u044c Razer Basilisk V2 (RZ01-03160100-R3M1)", "url_img": "https://cdn21vek.by/img/galleries/5890/483/preview/basiliskv2rz0103160100r3m1_razer_5e67b4ed759ca.jpeg", "url_product": "https://www.21vek.by/mouses/basiliskv2rz0103160100r3m1_razer.html", "price": "239.00"}, {"name": "\u041c\u044b\u0448\u044c A4Tech Bloody J95s (\u0441\u0435\u0440\u044b\u0439)", "url_img": "https://cdn21vek.by/img/galleries/6307/120/preview/bloodyj95s_a4tech_602e416d979ed.jpeg", "url_product": "https://www.21vek.by/mouses/bloodyj95s_a4tech.html", "price": "99.35"}, {"name": "\u041c\u044b\u0448\u044c TFN Saibot MX-3H / TFN-GM-MW-MX-3H (\u0447\u0435\u0440\u043d\u044b\u0439)", "url_img": "https://cdn21vek.by/img/galleries/7544/730/preview/saibotmx3htfngmmwmx3h_tnf_62a857a3ae815.jpeg", "url_product": "https://www.21vek.by/mouses/saibotmx3htfngmmwmx3h_tnf.html", "price": "35.00"}, {"name": "\u041c\u044b\u0448\u044c Canyon CND-SGM02RGB", "url_img": "https://cdn21vek.by/img/galleries/5846/123/preview/cndsgm02rgb_canyon_5e67aadecf3aa.png", "url_product": "https://www.21vek.by/mouses/cndsgm02rgb_canyon.html", "price": "37.17"}, {"name": "\u041c\u044b\u0448\u044c Sven RX-G985", "url_img": "https://cdn21vek.by/img/galleries/559/541/preview/rxg985_sven_5ac345bf65002.jpeg", "url_product": "https://www.21vek.by/mouses/rxg985_sven.html", "price": "91.00"}, {"name": "\u041c\u044b\u0448\u044c Gembird MUSW-405", "url_img": "https://cdn21vek.by/img/galleries/7151/978/preview/musw405_gembird_61d6e8c548058.jpeg", "url_product": "https://www.21vek.by/mouses/musw405_gembird.html", "price": "17.00"}, {"name": "\u041c\u044b\u0448\u044c Lorgar LRG-GMS357", "url_img": "https://cdn21vek.by/img/galleries/8023/93/preview/lrggms357_lorgar_63eb9b7de4462.jpeg", "url_product": "https://www.21vek.by/mouses/lrggms357_lorgar.html", "price": "69.90"}, {"name": "\u041c\u044b\u0448\u044c GENESIS Krypton 750 / NMG-1842 (\u0431\u0435\u043b\u044b\u0439)", "url_img": "https://cdn21vek.by/img/galleries/7259/345/preview/krypton750nmg1842_genesis__620a2d12e1190.jpeg", "url_product": "https://www.21vek.by/mouses/krypton750nmg1842_genesis_.html", "price": "220.23"}, {"name": "\u041c\u044b\u0448\u044c Gembird MG-550", "url_img": "https://cdn21vek.by/img/galleries/565/976/preview/mg550_gembird_5abe3db02995b.jpeg", "url_product": "https://www.21vek.by/mouses/mg550_gembird.html", "price": "25.00"}, {"name": "\u041c\u044b\u0448\u044c Qumo Devastator M12", "url_img": "https://cdn21vek.by/img/galleries/5733/491/preview/devastatorm12_qumo_5db85980556b4.jpeg", "url_product": "https://www.21vek.by/mouses/devastatorm12_qumo.html", "price": "47.14"}, {"name": "\u041c\u044b\u0448\u044c A4Tech Bloody P81S Starlight", "url_img": "https://cdn21vek.by/img/galleries/6330/129/preview/bloodyp81sstarlight_a4tech_6002b4c101454.png", "url_product": "https://www.21vek.by/mouses/bloodyp81sstarlight_a4tech.html", "price": "96.00"}, {"name": "\u041c\u044b\u0448\u044c A4Tech Bloody P93S Snake", "url_img": "https://cdn21vek.by/img/galleries/6402/221/preview/bloodyp93ssnake_a4tech_603617043e003.jpeg", "url_product": "https://www.21vek.by/mouses/bloodyp93ssnake_a4tech.html", "price": "100.00"}, {"name": "\u041c\u044b\u0448\u044c+\u043a\u043e\u0432\u0440\u0438\u043a Defender Forced GM-020L / 52020", "url_img": "https://cdn21vek.by/img/galleries/506/482/preview/forcedgm020l52020_defender_5a780cb47750a.png", "url_product": "https://www.21vek.by/mouses/forcedgm020l52020_defender.html", "price": "26.63"}, {"name": "\u041c\u044b\u0448\u044c Defender Killer GM-170L / 52170", "url_img": "https://cdn21vek.by/img/galleries/506/491/preview/killergm170l52170_defender_5a78145bf29e9.png", "url_product": "https://www.21vek.by/mouses/killergm170l52170_defender.html", "price": "30.20"}, {"name": "\u041a\u043b\u0430\u0432\u0438\u0430\u0442\u0443\u0440\u0430+\u043c\u044b\u0448\u044c Defender Tark C-779 / 52779 (\u0441 \u043a\u043e\u0432\u0440\u0438\u043a\u043e\u043c)", "url_img": "https://cdn21vek.by/img/galleries/6924/51/preview/tarkc77952779_defender_614b4a820e787.jpeg", "url_product": "https://www.21vek.by/mouses/tarkc77952779_defender.html", "price": "59.90"}, {"name": "\u041c\u044b\u0448\u044c Redragon Storm RGB / 77854 (\u0447\u0435\u0440\u043d\u044b\u0439)", "url_img": "https://cdn21vek.by/img/galleries/65560/876/preview/stormrgb77854_redragon_61a47e23347d2.jpeg", "url_product": "https://www.21vek.by/mouses/stormrgb77854_redragon.html", "price": "93.90"}, {"name": "\u041a\u043b\u0430\u0432\u0438\u0430\u0442\u0443\u0440\u0430+\u043c\u044b\u0448\u044c Sven GS-9100 (\u0447\u0435\u0440\u043d\u044b\u0439)", "url_img": "https://cdn21vek.by/img/galleries/6269/982/preview/gs9100_sven_6013f410a4d7b.jpeg", "url_product": "https://www.21vek.by/mouses/gs9100_sven.html", "price": "62.40"}, {"name": "\u041c\u044b\u0448\u044c+\u043a\u043e\u0432\u0440\u0438\u043a Redragon M601BA / 78226 (\u0447\u0435\u0440\u043d\u044b\u0439)", "url_img": "https://cdn21vek.by/img/galleries/5741/759/preview/m601ba78226_redragon_5db88adb7f10b.png", "url_product": "https://www.21vek.by/mouses/m601ba78226_redragon.html", "price": "46.00"}, {"name": "\u041c\u044b\u0448\u044c Defender Sky Dragon GM-090L / 52090", "url_img": "https://cdn21vek.by/img/galleries/506/483/preview/skydragongm090l52090_defender_5a780ecdaebdc.png", "url_product": "https://www.21vek.by/mouses/skydragongm090l52090_defender.html", "price": "28.81"}, {"name": "\u041a\u043b\u0430\u0432\u0438\u0430\u0442\u0443\u0440\u0430+\u043c\u044b\u0448\u044c Defender Singularity MKP-117 / 52117 (\u0441 \u043a\u043e\u0432\u0440\u0438\u043a\u043e\u043c)", "url_img": "https://cdn21vek.by/img/galleries/7677/583/preview/singularitymkp11752117_defender_62f6636525d2c.jpeg", "url_product": "https://www.21vek.by/mouses/singularitymkp11752117_defender.html", "price": "59.90"}, {"name": "\u041c\u044b\u0448\u044c Defender Beta GM-707L / 52707", "url_img": "https://cdn21vek.by/img/galleries/6952/929/preview/betagm707l52707_defender_615ea63d81132.jpeg", "url_product": "https://www.21vek.by/mouses/betagm707l52707_defender.html", "price": "31.90"}, {"name": "\u041c\u044b\u0448\u044c Redragon Ranger / 77423 (\u0447\u0435\u0440\u043d\u044b\u0439)", "url_img": "https://cdn21vek.by/img/galleries/5741/730/preview/ranger77423_redragon_5db8764bddde2.png", "url_product": "https://www.21vek.by/mouses/ranger77423_redragon.html", "price": "81.61"}, {"name": "\u041c\u044b\u0448\u044c A4Tech Bloody J90s (\u0447\u0435\u0440\u043d\u044b\u0439)", "url_img": "https://cdn21vek.by/img/galleries/6236/251/preview/bloodyj90s_a4tech_5fc774ee44f56.jpeg", "url_product": "https://www.21vek.by/mouses/bloodyj90s_a4tech.html", "price": "87.80"}, {"name": "\u041c\u044b\u0448\u044c Redragon Gainer 75170", "url_img": "https://cdn21vek.by/img/galleries/623/637/preview/gainer75170_redragon_5b6d84d4193de.jpeg", "url_product": "https://www.21vek.by/mouses/gainer75170_redragon.html", "price": "41.00"}, {"name": "\u041c\u044b\u0448\u044c Defender sTarx GM-390L / 52390", "url_img": "https://cdn21vek.by/img/galleries/812/363/preview/starxgm390l52390_defender_5c1bb0aba2f30.png", "url_product": "https://www.21vek.by/mouses/starxgm390l52390_defender.html", "price": "40.50"}, {"name": "\u041c\u044b\u0448\u044c Defender Bulletstorm GM-928 / 52928", "url_img": "https://cdn21vek.by/img/galleries/65561/476/preview/bulletstormgm92852928_defender_61b714451ad4c.jpeg", "url_product": "https://www.21vek.by/mouses/bulletstormgm92852928_defender.html", "price": "37.15"}, {"name": "\u041c\u044b\u0448\u044c Redragon Griffin / 75093 (\u0447\u0435\u0440\u043d\u044b\u0439)", "url_img": "https://cdn21vek.by/img/galleries/725/317/preview/griffin75093_redragon_5bc0678d75790.png", "url_product": "https://www.21vek.by/mouses/griffin75093_redragon.html", "price": "64.58"}, {"name": "\u041c\u044b\u0448\u044c Razer Viper Mini / RZ01-03250100-R3M1", "url_img": "https://cdn21vek.by/img/galleries/6005/934/preview/viperminirz0103250100r3m1_razer_612caa0e0af1a.jpeg", "url_product": "https://www.21vek.by/mouses/viperminirz0103250100r3m1_razer.html", "price": "128.64"}, {"name": "\u041c\u044b\u0448\u044c Canyon Puncher GM-20 (CND-SGM20W)", "url_img": "https://cdn21vek.by/img/galleries/6291/147/preview/punchergm20cndsgm20w_canyon_6002c8b935fda.jpeg", "url_product": "https://www.21vek.by/mouses/punchergm20cndsgm20w_canyon.html", "price": "104.08"}, {"name": "\u041c\u044b\u0448\u044c+\u043a\u043e\u0432\u0440\u0438\u043a Redragon M601WL-BA Wireless / 78227 (\u0447\u0435\u0440\u043d\u044b\u0439)", "url_img": "https://cdn21vek.by/img/galleries/5741/756/preview/m601wlbawireless78227_redragon_5db88c08cbf7f.png", "url_product": "https://www.21vek.by/mouses/m601wlbawireless78227_redragon.html", "price": "69.73"}, {"name": "\u041a\u043b\u0430\u0432\u0438\u0430\u0442\u0443\u0440\u0430+\u043c\u044b\u0448\u044c Defender Singularity MKP-118 / 52118 (\u0441 \u043a\u043e\u0432\u0440\u0438\u043a\u043e\u043c \u0438 \u043d\u0430\u0443\u0448\u043d\u0438\u043a\u0430\u043c\u0438)", "url_img": "https://cdn21vek.by/img/galleries/6570/483/preview/singularitymkp11852118_defender_62fe09fd28508.jpeg", "url_product": "https://www.21vek.by/mouses/singularitymkp11852118_defender.html", "price": "92.80"}, {"name": "\u041c\u044b\u0448\u044c A4Tech Bloody J95s Stone (\u0447\u0435\u0440\u043d\u044b\u0439)", "url_img": "https://cdn21vek.by/img/galleries/6203/946/preview/bloodyj95sstone_a4tech_5f980936998e3.jpeg", "url_product": "https://www.21vek.by/mouses/bloodyj95sstone_a4tech.html", "price": "95.00"}, {"name": "\u041c\u044b\u0448\u044c Defender Titan GM-650L RGB / 52650", "url_img": "https://cdn21vek.by/img/galleries/6246/240/preview/titangm650lrgb52650_defender_5fe2e52e770db.jpeg", "url_product": "https://www.21vek.by/mouses/titangm650lrgb52650_defender.html", "price": "42.28"}, {"name": "\u041c\u044b\u0448\u044c A4Tech X-710MK (\u0447\u0435\u0440\u043d\u044b\u0439)", "url_img": "https://cdn21vek.by/img/galleries/79/682/preview/a4tech_x710mk_53cfa0af80de3.jpeg", "url_product": "https://www.21vek.by/mouses/a4tech_x710mk.html", "price": "60.00"}, {"name": "\u041c\u044b\u0448\u044c Redragon Vampire / 77610", "url_img": "https://cdn21vek.by/img/galleries/5994/853/preview/vampire77610_redragon_5ecbd5d460412.png", "url_product": "https://www.21vek.by/mouses/vampire77610_redragon.html", "price": "70.39"}, {"name": "\u041c\u044b\u0448\u044c A4Tech X-710BK", "url_img": "https://cdn21vek.by/img/galleries/21/920/preview/x710bk_a4tech_5925a0e28f752.jpeg", "url_product": "https://www.21vek.by/mouses/x710bk_a4tech.html", "price": "71.60"}, {"name": "\u041c\u044b\u0448\u044c Oklick 975GW Swamp (\u0447\u0435\u0440\u043d\u044b\u0439)", "url_img": "https://cdn21vek.by/img/galleries/5892/232/preview/975gwswamp_oklick_5e45534709aff.jpeg", "url_product": "https://www.21vek.by/mouses/975gwswamp_oklick.html", "price": "54.24"}, {"name": "\u041c\u044b\u0448\u044c Razer Viper 8KHz / RZ01-03580100-R3M1", "url_img": "https://cdn21vek.by/img/galleries/6855/470/preview/viper8khzrz0103580100r3m1_razer_612ca7bcc029a.jpeg", "url_product": "https://www.21vek.by/mouses/viper8khzrz0103580100r3m1_razer.html", "price": "216.00"}, {"name": "\u041c\u044b\u0448\u044c A4Tech XL-750BK", "url_img": "https://cdn21vek.by/img/galleries/21/926/preview/a4tech_xl750bk_53f6e5c49892f.jpeg", "url_product": "https://www.21vek.by/mouses/a4tech_xl750bk.html", "price": "90.00"}, {"name": "\u041c\u044b\u0448\u044c Razer DeathAdder Essential / RZ01-03850200-R3M1 (\u0431\u0435\u043b\u044b\u0439)", "url_img": "https://cdn21vek.by/img/galleries/6852/245/preview/deathadderessentialrz0103850200r3m1_razer_612c909d631a7.jpeg", "url_product": "https://www.21vek.by/mouses/deathadderessentialrz0103850200r3m1_razer.html", "price": "79.00"}, {"name": "\u041c\u044b\u0448\u044c Defender Witcher GM-990 RGB / 52990", "url_img": "https://cdn21vek.by/img/galleries/5676/769/preview/witchergm990rgb52990_defender_5d78c712c6221.png", "url_product": "https://www.21vek.by/mouses/witchergm990rgb52990_defender.html", "price": "35.84"}, {"name": "\u041c\u044b\u0448\u044c Redragon Griffin / 78069", "url_img": "https://cdn21vek.by/img/galleries/7905/305/preview/griffin78069_redragon_63e11348cfa3b.jpeg", "url_product": "https://www.21vek.by/mouses/griffin78069_redragon.html", "price": "88.67"}, {"name": "\u041c\u044b\u0448\u044c Razer DeathAdder Essential / RZ01-03850100-R3M1", "url_img": "https://cdn21vek.by/img/galleries/6837/449/preview/deathadderessentialrz0103850100r3m1_razer_612740c431aa8.jpeg", "url_product": "https://www.21vek.by/mouses/deathadderessentialrz0103850100r3m1_razer.html", "price": "99.90"}, {"name": "\u041c\u044b\u0448\u044c TFN Saibot MX-3 / TFN-GM-MW-MX-3 (\u0447\u0435\u0440\u043d\u044b\u0439)", "url_img": "https://cdn21vek.by/img/galleries/7443/28/preview/saibotmx3tfngmmwmx3_tnf_62a8564f6abbc.jpeg", "url_product": "https://www.21vek.by/mouses/saibotmx3tfngmmwmx3_tnf.html", "price": "28.31"}, {"name": "\u041c\u044b\u0448\u044c Razer Orochi V2 / RZ01-03730100-R3G1", "url_img": "https://cdn21vek.by/img/galleries/6855/475/preview/orochiv2rz0103730100r3g1_razer_612c9d78be664.jpeg", "url_product": "https://www.21vek.by/mouses/orochiv2rz0103730100r3g1_razer.html", "price": "235.49"}, {"name": "\u041c\u044b\u0448\u044c Razer Naga Pro / RZ01-03420100-R3G1", "url_img": "https://cdn21vek.by/img/galleries/6855/494/preview/nagaprorz0103420100r3g1_razer_612c9468c4da9.jpeg", "url_product": "https://www.21vek.by/mouses/nagaprorz0103420100r3g1_razer.html", "price": "401.82"}, {"name": "\u041c\u044b\u0448\u044c Canyon CND-SGM01RGB", "url_img": "https://cdn21vek.by/img/galleries/5846/121/preview/cndsgm01rgb_canyon_5e74b1e091fa5.png", "url_product": "https://www.21vek.by/mouses/cndsgm01rgb_canyon.html", "price": "29.90"}, {"name": "\u041c\u044b\u0448\u044c Redragon Emperor / 78323 (\u0447\u0435\u0440\u043d\u044b\u0439)", "url_img": "https://cdn21vek.by/img/galleries/5866/839/preview/emperor78323_redragon_5e2ac89e72284.png", "url_product": "https://www.21vek.by/mouses/emperor78323_redragon.html", "price": "94.91"}, {"name": "\u041c\u044b\u0448\u044c Defender Wolverine GM-700L RGB / 52700", "url_img": "https://cdn21vek.by/img/galleries/65561/486/preview/wolverinegm700lrgb52700_defender_61b6f93c013d7.jpeg", "url_product": "https://www.21vek.by/mouses/wolverinegm700lrgb52700_defender.html", "price": "53.76"}, {"name": "\u041c\u044b\u0448\u044c Qumo Fighter M38", "url_img": "https://cdn21vek.by/img/galleries/1143/654/preview/fighterm38_qumo_5d5ffda6ca868.jpeg", "url_product": "https://www.21vek.by/mouses/fighterm38_qumo.html", "price": "32.75"}, {"name": "\u041c\u044b\u0448\u044c Redragon Storm Elite / 77853", "url_img": "https://cdn21vek.by/img/galleries/65530/467/preview/stormelite77853_redragon_619780da1f79f.jpeg", "url_product": "https://www.21vek.by/mouses/stormelite77853_redragon.html", "price": "98.91"}, {"name": "\u041c\u044b\u0448\u044c Defender Warlock GM-709L / 52709", "url_img": "https://cdn21vek.by/img/galleries/6952/930/preview/warlockgm709l52709_defender_615ea8507a7cf.jpeg", "url_product": "https://www.21vek.by/mouses/warlockgm709l52709_defender.html", "price": "50.00"}, {"name": "\u041c\u044b\u0448\u044c A4Tech Bloody Q80 (\u0447\u0435\u0440\u043d\u044b\u0439)", "url_img": "https://cdn21vek.by/img/galleries/519/127/preview/bloodyq80_a4tech_5a7865609652e.jpeg", "url_product": "https://www.21vek.by/mouses/bloodyq80_a4tech.html", "price": "62.00"}, {"name": "\u041c\u044b\u0448\u044c Redragon Legend Chroma X / 70517", "url_img": "https://cdn21vek.by/img/galleries/7803/419/preview/legendchromax70517_redragon_6401fafade009.jpeg", "url_product": "https://www.21vek.by/mouses/legendchromax70517_redragon.html", "price": "103.19"}, {"name": "\u041c\u044b\u0448\u044c A4Tech Bloody R90 Plus", "url_img": "https://cdn21vek.by/img/galleries/8163/902/preview/bloodyr90plus_a4tech_64390bf52d7ee.jpeg", "url_product": "https://www.21vek.by/mouses/bloodyr90plus_a4tech.html", "price": "172.77"}, {"name": "\u041c\u044b\u0448\u044c A4Tech Bloody A60 (\u0447\u0435\u0440\u043d\u044b\u0439)", "url_img": "https://cdn21vek.by/img/galleries/333/377/preview/bloodya60_a4tech_56d94edadf71f.jpeg", "url_product": "https://www.21vek.by/mouses/bloodya60_a4tech.html", "price": "84.56"}, {"name": "\u041c\u044b\u0448\u044c GENESIS Xenon 220 / NMG-1572 (\u0447\u0435\u0440\u043d\u044b\u0439)", "url_img": "https://cdn21vek.by/img/galleries/6004/46/preview/xenon220nmg1572_genesis__5ecbecc9f3a02.png", "url_product": "https://www.21vek.by/mouses/xenon220nmg1572_genesis_.html", "price": "136.32"}, {"name": "\u041c\u044b\u0448\u044c Razer Naga X / RZ01-03590100-R3M1", "url_img": "https://cdn21vek.by/img/galleries/6855/495/preview/nagaxrz0103590100r3m1_razer_612c9a71ee150.jpeg", "url_product": "https://www.21vek.by/mouses/nagaxrz0103590100r3m1_razer.html", "price": "199.00"}, {"name": "\u041a\u043b\u0430\u0432\u0438\u0430\u0442\u0443\u0440\u0430+\u043c\u044b\u0448\u044c Fury Thunderstreak 3.0 / NFU-1676 (\u0441 \u043d\u0430\u0443\u0448\u043d\u0438\u043a\u0430\u043c\u0438 \u0438 \u043a\u043e\u0432\u0440\u0438\u043a\u043e\u043c)", "url_img": "https://cdn21vek.by/img/galleries/6395/552/preview/thunderstreak30nfu1676_fury_6033b8b7e2e30.jpeg", "url_product": "https://www.21vek.by/mouses/thunderstreak30nfu1676_fury.html", "price": "94.76"}, {"name": "\u041c\u044b\u0448\u044c Oklick 806G (\u0447\u0435\u0440\u043d\u044b\u0439)", "url_img": "https://cdn21vek.by/img/galleries/7113/499/preview/806g_oklick_61bc7a77a821c.jpeg", "url_product": "https://www.21vek.by/mouses/806g_oklick.html", "price": "37.73"}, {"name": "\u041c\u044b\u0448\u044c Qumo PRO Series Juggernaut M84 / Q33803", "url_img": "https://cdn21vek.by/img/galleries/7754/400/preview/proseriesjuggernautm84q33803_qumo_6331834aa928a.jpeg", "url_product": "https://www.21vek.by/mouses/proseriesjuggernautm84q33803_qumo.html", "price": "37.60"}, {"name": "\u041a\u043b\u0430\u0432\u0438\u0430\u0442\u0443\u0440\u0430+\u043c\u044b\u0448\u044c Marvo CM306 (+ \u043a\u043e\u0432\u0440\u0438\u043a)", "url_img": "https://cdn21vek.by/img/galleries/65595/754/preview/cm306_marvo__61af1aa23f97c.jpeg", "url_product": "https://www.21vek.by/mouses/cm306_marvo_.html", "price": "103.36"}, {"name": "\u041c\u044b\u0448\u044c Razer Viper V2 Pro / RZ01-04390200-R3G1 (\u0431\u0435\u043b\u044b\u0439)", "url_img": "https://cdn21vek.by/img/galleries/7994/284/preview/viperv2prorz0104390200r3g1_razer_63ea0fa7c4ca7.jpeg", "url_product": "https://www.21vek.by/mouses/viperv2prorz0104390200r3g1_razer.html", "price": "499.00"}, {"name": "\u041c\u044b\u0448\u044c+\u043a\u043e\u0432\u0440\u0438\u043a Marvo M355+G1", "url_img": "https://cdn21vek.by/img/galleries/65595/714/preview/m355g1_marvo__61af2a06aec29.jpeg", "url_product": "https://www.21vek.by/mouses/m355g1_marvo_.html", "price": "50.10"}, {"name": "\u041c\u044b\u0448\u044c Razer Viper Ultimate (RZ01-03050100-R3G1)", "url_img": "https://cdn21vek.by/img/galleries/5956/568/preview/viperultimaterz0103050100r3g1_razer_615eb14e9234d.jpeg", "url_product": "https://www.21vek.by/mouses/viperultimaterz0103050100r3g1_razer.html", "price": "412.00"}, {"name": "\u041c\u044b\u0448\u044c Qumo Medusa M81 / Q32972", "url_img": "https://cdn21vek.by/img/galleries/7754/397/preview/medusam81q32972_qumo_63317e2db5ff0.jpeg", "url_product": "https://www.21vek.by/mouses/medusam81q32972_qumo.html", "price": "38.38"}, {"name": "\u041c\u044b\u0448\u044c Qumo Axe M07", "url_img": "https://cdn21vek.by/img/galleries/5838/188/preview/axem07_qumo_5e15bf958c7c9.jpeg", "url_product": "https://www.21vek.by/mouses/axem07_qumo.html", "price": "30.10"}, {"name": "\u041c\u044b\u0448\u044c A4Tech Bloody Q51 (\u0447\u0435\u0440\u043d\u044b\u0439)", "url_img": "https://cdn21vek.by/img/galleries/519/115/preview/bloodyq51_a4tech_5a7862f96a326.jpeg", "url_product": "https://www.21vek.by/mouses/bloodyq51_a4tech.html", "price": "60.00"}, {"name": "\u041c\u044b\u0448\u044c Qumo BlackOut M03", "url_img": "https://cdn21vek.by/img/galleries/5810/16/preview/blackoutm03_qumo_5df78f1b9b82d.jpeg", "url_product": "https://www.21vek.by/mouses/blackoutm03_qumo.html", "price": "30.67"}, {"name": "\u041c\u044b\u0448\u044c A4Tech V9M Bloody", "url_img": "https://cdn21vek.by/img/galleries/6538/454/preview/v9mbloody_a4tech_609fce129729d.jpeg", "url_product": "https://www.21vek.by/mouses/v9mbloody_a4tech.html", "price": "84.65"}, {"name": "\u041c\u044b\u0448\u044c A4Tech Bloody W70 Pro (\u0447\u0435\u0440\u043d\u044b\u0439)", "url_img": "https://cdn21vek.by/img/galleries/6981/642/preview/bloodyw70pro_a4tech_616843bf4528e.jpeg", "url_product": "https://www.21vek.by/mouses/bloodyw70pro_a4tech.html", "price": "147.00"}, {"name": "\u041c\u044b\u0448\u044c Canyon Hazard CND-SGM6N", "url_img": "https://cdn21vek.by/img/galleries/515/199/preview/hazardcndsgm6n_canyon_5a3921dac0596.png", "url_product": "https://www.21vek.by/mouses/hazardcndsgm6n_canyon.html", "price": "39.90"}, {"name": "\u041c\u044b\u0448\u044c A4Tech Bloody Blazing A90", "url_img": "https://cdn21vek.by/img/galleries/823/211/preview/bloodyblazinga90_a4tech_5c2f536ccf8d8.jpeg", "url_product": "https://www.21vek.by/mouses/bloodyblazinga90_a4tech.html", "price": "87.78"}, {"name": "\u041c\u044b\u0448\u044c A4Tech Bloody Q81 (\u0447\u0435\u0440\u043d\u044b\u0439)", "url_img": "https://cdn21vek.by/img/galleries/519/130/preview/bloodyq81_a4tech_5a786e3d05e58.jpeg", "url_product": "https://www.21vek.by/mouses/bloodyq81_a4tech.html", "price": "65.00"}, {"name": "\u041c\u044b\u0448\u044c Redragon Inquisitor 2 / 77636", "url_img": "https://cdn21vek.by/img/galleries/6003/144/preview/inquisitor277636_redragon_5f48fbc07ac17.jpeg", "url_product": "https://www.21vek.by/mouses/inquisitor277636_redragon.html", "price": "54.00"}, {"name": "\u041c\u044b\u0448\u044c A4Tech XL-747H (\u0447\u0435\u0440\u043d\u044b\u0439/\u0441\u0438\u043d\u0438\u0439)", "url_img": "https://cdn21vek.by/img/galleries/21/927/preview/a4tech_xl747h_53da24aab7287.jpeg", "url_product": "https://www.21vek.by/mouses/a4tech_xl747h.html", "price": "98.00"}, {"name": "\u041c\u044b\u0448\u044c A4Tech Bloody P30 Pro", "url_img": "https://cdn21vek.by/img/galleries/5657/402/preview/bloodyp30pro_a4tech_5d78afe32852e.jpeg", "url_product": "https://www.21vek.by/mouses/bloodyp30pro_a4tech.html", "price": "119.00"}, {"name": "\u041c\u044b\u0448\u044c A4Tech Bloody V5 (\u0447\u0435\u0440\u043d\u044b\u0439)", "url_img": "https://cdn21vek.by/img/galleries/62/761/preview/a4tech_bloodyv5_53a2c83c3458f.jpeg", "url_product": "https://www.21vek.by/mouses/a4tech_bloodyv5.html", "price": "65.00"}, {"name": "\u041c\u044b\u0448\u044c Marvo M112", "url_img": "https://cdn21vek.by/img/galleries/1067/454/preview/m112_marvo__5d1c93190b6ee.png", "url_product": "https://www.21vek.by/mouses/m112_marvo_.html", "price": "23.36"}, {"name": "\u041c\u044b\u0448\u044c A4Tech Bloody W60 Max (\u043a\u0440\u0430\u0441\u043d\u044b\u0439)", "url_img": "https://cdn21vek.by/img/galleries/6931/83/preview/bloodyw60max_a4tech_01_6152d1d75dbc5.jpeg", "url_product": "https://www.21vek.by/mouses/bloodyw60max_a4tech_01.html", "price": "112.00"}, {"name": "\u041c\u044b\u0448\u044c Logitech G903 / 910-005672", "url_img": "https://cdn21vek.by/img/galleries/1077/211/preview/g903910005672_logitech_5d95ce7153108.jpeg", "url_product": "https://www.21vek.by/mouses/g903910005672_logitech.html", "price": "626.05"}, {"name": "\u041c\u044b\u0448\u044c Redragon Centrophorus 2 RGB / 77942", "url_img": "https://cdn21vek.by/img/galleries/7155/595/preview/centrophorus2rgb77942_redragon_61e2cbcb0893e.jpeg", "url_product": "https://www.21vek.by/mouses/centrophorus2rgb77942_redragon.html", "price": "58.00"}, {"name": "\u041c\u044b\u0448\u044c Qumo Splash M40", "url_img": "https://cdn21vek.by/img/galleries/1008/54/preview/splashm40_qumo_5cdac9c862871.jpeg", "url_product": "https://www.21vek.by/mouses/splashm40_qumo.html", "price": "40.86"}, {"name": "\u041c\u044b\u0448\u044c GENESIS Xenon 200 / NMG-0880", "url_img": "https://cdn21vek.by/img/galleries/471/61/preview/xenon200nmg0880_genesis_5995da9db3c63.jpeg", "url_product": "https://www.21vek.by/mouses/xenon200nmg0880_genesis.html", "price": "71.84"}, {"name": "\u041c\u044b\u0448\u044c A4Tech Bloody P91s Stone (\u0447\u0435\u0440\u043d\u044b\u0439)", "url_img": "https://cdn21vek.by/img/galleries/6195/673/preview/bloodyp91sstone_a4tech_5f7b15566f7c0.jpeg", "url_product": "https://www.21vek.by/mouses/bloodyp91sstone_a4tech.html", "price": "80.80"}, {"name": "\u041c\u044b\u0448\u044c A4Tech Bloody X5 Max", "url_img": "https://cdn21vek.by/img/galleries/6296/290/preview/bloodyx5max_a4tech_6002b75606537.jpeg", "url_product": "https://www.21vek.by/mouses/bloodyx5max_a4tech.html", "price": "102.00"}, {"name": "\u041c\u044b\u0448\u044c GENESIS Krypton 550 / NMG-1680", "url_img": "https://cdn21vek.by/img/galleries/6263/60/preview/krypton550nmg1680_genesis__5fec41eb54d5f.jpeg", "url_product": "https://www.21vek.by/mouses/krypton550nmg1680_genesis_.html", "price": "111.62"}, {"name": "\u041c\u044b\u0448\u044c Qumo Red Alert M13", "url_img": "https://cdn21vek.by/img/galleries/5733/506/preview/redalertm13_qumo_5db84c099d5af.jpeg", "url_product": "https://www.21vek.by/mouses/redalertm13_qumo.html", "price": "32.79"}, {"name": "\u041c\u044b\u0448\u044c Marvo M399 (\u0447\u0435\u0440\u043d\u044b\u0439)", "url_img": "https://cdn21vek.by/img/galleries/6789/511/preview/m399_marvo__611a3ed409d67.jpeg", "url_product": "https://www.21vek.by/mouses/m399_marvo_.html", "price": "47.25"}, {"name": "\u041c\u044b\u0448\u044c A4Tech X89 Maze Black", "url_img": "https://cdn21vek.by/img/galleries/5890/874/preview/x89mazeblack_a4tech_62fde29254f14.jpeg", "url_product": "https://www.21vek.by/mouses/x89mazeblack_a4tech.html", "price": "65.00"}, {"name": "\u041c\u044b\u0448\u044c A4Tech Bloody W90 Max (\u0447\u0435\u0440\u043d\u044b\u0439)", "url_img": "https://cdn21vek.by/img/galleries/65512/530/preview/bloodyw90max_a4tech_61977b08180fc.jpeg", "url_product": "https://www.21vek.by/mouses/bloodyw90max_a4tech.html", "price": "107.90"}, {"name": "\u041c\u044b\u0448\u044c Oklick 708G Mystery (\u0447\u0435\u0440\u043d\u044b\u0439)", "url_img": "https://cdn21vek.by/img/galleries/6652/794/preview/708gmystery_oklick_60d984a9945c1.jpeg", "url_product": "https://www.21vek.by/mouses/708gmystery_oklick.html", "price": "27.52"}, {"name": "\u041c\u044b\u0448\u044c Defender Warfame GM-880L / 52880", "url_img": "https://cdn21vek.by/img/galleries/7002/54/preview/warfamegm880l52880_defender_6172be6891a7b.jpeg", "url_product": "https://www.21vek.by/mouses/warfamegm880l52880_defender.html", "price": "52.01"}, {"name": "\u041c\u044b\u0448\u044c A4Tech Bloody W70 Max (\u0447\u0435\u0440\u043d\u044b\u0439)", "url_img": "https://cdn21vek.by/img/galleries/6558/187/preview/bloodyw70max_a4tech_60ded48c20071.jpeg", "url_product": "https://www.21vek.by/mouses/bloodyw70max_a4tech.html", "price": "114.82"}, {"name": "\u041c\u044b\u0448\u044c Genius Scorpion Spear (\u0447\u0435\u0440\u043d\u044b\u0439)", "url_img": "https://cdn21vek.by/img/galleries/5942/695/preview/scorpionspear_genius_5e74c5e6dfa7e.jpeg", "url_product": "https://www.21vek.by/mouses/scorpionspear_genius.html", "price": "29.70"}, {"name": "\u041c\u044b\u0448\u044c Oklick 795G Ghost (\u0447\u0435\u0440\u043d\u044b\u0439)", "url_img": "https://cdn21vek.by/img/galleries/1166/159/preview/795gghost_oklick_5d5fedabaf15f.jpeg", "url_product": "https://www.21vek.by/mouses/795gghost_oklick.html", "price": "30.89"}, {"name": "\u041c\u044b\u0448\u044c SmartBuy Rush / SBM-730G-K (\u0447\u0435\u0440\u043d\u044b\u0439 + \u043a\u043e\u0432\u0440\u0438\u043a)", "url_img": "https://cdn21vek.by/img/galleries/7493/254/preview/rushsbm730gk_smartbuy_6286171837f12.jpeg", "url_product": "https://www.21vek.by/mouses/rushsbm730gk_smartbuy.html", "price": "32.85"}, {"name": "\u041c\u044b\u0448\u044c A4Tech Bloody Q82 (\u0447\u0435\u0440\u043d\u044b\u0439)", "url_img": "https://cdn21vek.by/img/galleries/644/838/preview/bloodyq82_a4tech_5b6d686bae573.jpeg", "url_product": "https://www.21vek.by/mouses/bloodyq82_a4tech.html", "price": "70.00"}, {"name": "\u041c\u044b\u0448\u044c A4Tech X-718BK", "url_img": "https://cdn21vek.by/img/galleries/79/683/preview/a4tech_x718bk_53cfa246db0e6.jpeg", "url_product": "https://www.21vek.by/mouses/a4tech_x718bk.html", "price": "76.13"}, {"name": "\u041c\u044b\u0448\u044c A4Tech XL-750BH (Bronze)", "url_img": "https://cdn21vek.by/img/galleries/105/558/preview/xl750bh_a4tech_54db61937a9a7.jpeg", "url_product": "https://www.21vek.by/mouses/xl750bh_a4tech.html", "price": "93.00"}, {"name": "\u041c\u044b\u0448\u044c Razer Basilisk Ultimate (RZ01-03170200-R3G1)", "url_img": "https://cdn21vek.by/img/galleries/6952/712/preview/basiliskultimaterz0103170200r3g1_razer_615726a6531b0.jpeg", "url_product": "https://www.21vek.by/mouses/basiliskultimaterz0103170200r3g1_razer.html", "price": "410.58"}, {"name": "\u041c\u044b\u0448\u044c Marvo M209", "url_img": "https://cdn21vek.by/img/galleries/5874/928/preview/m209_marvo__5e33d9043fe72.png", "url_product": "https://www.21vek.by/mouses/m209_marvo_.html", "price": "29.17"}, {"name": "\u041c\u044b\u0448\u044c A4Tech Bloody W60 Max (\u0447\u0435\u0440\u043d\u044b\u0439)", "url_img": "https://cdn21vek.by/img/galleries/6199/34/preview/bloodyw60max_a4tech_5f912a18bb32d.jpeg", "url_product": "https://www.21vek.by/mouses/bloodyw60max_a4tech.html", "price": "112.00"}, {"name": "\u041c\u044b\u0448\u044c Deepcool MC310 Ultralight / R-MC310-BKCUNN-G", "url_img": "https://cdn21vek.by/img/galleries/7380/801/preview/mc310ultralightrmc310bkcunng_deepcool_624c3cae6ce31.jpeg", "url_product": "https://www.21vek.by/mouses/mc310ultralightrmc310bkcunng_deepcool.html", "price": "95.47"}, {"name": "\u041c\u044b\u0448\u044c Oklick 965G Racer (\u0447\u0435\u0440\u043d\u044b\u0439)", "url_img": "https://cdn21vek.by/img/galleries/6788/914/preview/965gracer_oklick_61431178b8329.jpeg", "url_product": "https://www.21vek.by/mouses/965gracer_oklick.html", "price": "28.02"}, {"name": "\u041c\u044b\u0448\u044c A4Tech Bloody Blazing AL90", "url_img": "https://cdn21vek.by/img/galleries/498/170/preview/bloodyblazingal90_a4tech_5abe3b2fadb95.jpeg", "url_product": "https://www.21vek.by/mouses/bloodyblazingal90_a4tech.html", "price": "116.34"}, {"name": "\u041c\u044b\u0448\u044c A4Tech Bloody P91 Pro (\u0447\u0435\u0440\u043d\u044b\u0439)", "url_img": "https://cdn21vek.by/img/galleries/5866/183/preview/bloodyp91pro_a4tech_5e2ac1c442a34.jpeg", "url_product": "https://www.21vek.by/mouses/bloodyp91pro_a4tech.html", "price": "125.00"}, {"name": "\u041c\u044b\u0448\u044c Oklick 945G Revenge (\u0447\u0435\u0440\u043d\u044b\u0439)", "url_img": "https://cdn21vek.by/img/galleries/65601/132/preview/945grevenge_oklick_61b1b83d910d1.jpeg", "url_product": "https://www.21vek.by/mouses/945grevenge_oklick.html", "price": "40.13"}, {"name": "\u041c\u044b\u0448\u044c GENESIS Krypton 550 / NMG-1685", "url_img": "https://cdn21vek.by/img/galleries/6263/62/preview/krypton550nmg1685_genesis__5fb6234fa94c5.jpeg", "url_product": "https://www.21vek.by/mouses/krypton550nmg1685_genesis_.html", "price": "112.13"}, {"name": "\u041c\u044b\u0448\u044c A4Tech Bloody V3 (\u0447\u0435\u0440\u043d\u044b\u0439)", "url_img": "https://cdn21vek.by/img/galleries/79/677/preview/a4tech_bloodyv3_53cf97fb73312.jpeg", "url_product": "https://www.21vek.by/mouses/a4tech_bloodyv3.html", "price": "69.00"}, {"name": "\u041c\u044b\u0448\u044c Oklick 895G Hellfire / 412863", "url_img": "https://cdn21vek.by/img/galleries/5755/710/preview/895ghellfire412863_oklick_5db8324829729.jpeg", "url_product": "https://www.21vek.by/mouses/895ghellfire412863_oklick.html", "price": "27.23"}, {"name": "\u041c\u044b\u0448\u044c Marvo M207", "url_img": "https://cdn21vek.by/img/galleries/909/132/preview/m207_marvo__5c8a51527c08d.png", "url_product": "https://www.21vek.by/mouses/m207_marvo_.html", "price": "31.07"}, {"name": "\u041c\u044b\u0448\u044c A4Tech Bloody ES5 (\u0447\u0435\u0440\u043d\u044b\u0439)", "url_img": "https://cdn21vek.by/img/galleries/7935/84/preview/bloodyes5_a4tech_639089b6341d8.jpeg", "url_product": "https://www.21vek.by/mouses/bloodyes5_a4tech.html", "price": "69.22"}, {"name": "\u041c\u044b\u0448\u044c Marvo G941 (\u0447\u0435\u0440\u043d\u044b\u0439)", "url_img": "https://cdn21vek.by/img/galleries/65595/701/preview/g941_marvo__61af095990e8d.jpeg", "url_product": "https://www.21vek.by/mouses/g941_marvo_.html", "price": "73.01"}, {"name": "\u041c\u044b\u0448\u044c GENESIS Krypton 290 / NMG-1785 (\u0431\u0435\u043b\u044b\u0439/\u0447\u0435\u0440\u043d\u044b\u0439)", "url_img": "https://cdn21vek.by/img/galleries/7200/260/preview/krypton290nmg1785_genesis__61ebef0f0374e.jpeg", "url_product": "https://www.21vek.by/mouses/krypton290nmg1785_genesis_.html", "price": "74.69"}, {"name": "\u041c\u044b\u0448\u044c Razer Pro Click (RZ01-02990100-R3M1)", "url_img": "https://cdn21vek.by/img/galleries/6952/695/preview/proclickrz0102990100r3m1_razer_6157288806e31.jpeg", "url_product": "https://www.21vek.by/mouses/proclickrz0102990100r3m1_razer.html", "price": "349.26"}, {"name": "\u041c\u044b\u0448\u044c Oklick 775G Ice Claw (\u0447\u0435\u0440\u043d\u044b\u0439)", "url_img": "https://cdn21vek.by/img/galleries/1166/157/preview/775giceclaw_oklick_5d78d979e9032.jpeg", "url_product": "https://www.21vek.by/mouses/775giceclaw_oklick.html", "price": "29.70"}, {"name": "\u041c\u044b\u0448\u044c Redragon Memeanlion Honeycomb / 70959", "url_img": "https://cdn21vek.by/img/galleries/7731/744/preview/memeanlionhoneycomb70959_redragon_632971ce758ac.jpeg", "url_product": "https://www.21vek.by/mouses/memeanlionhoneycomb70959_redragon.html", "price": "84.90"}, {"name": "\u041c\u044b\u0448\u044c A4Tech Bloody X5 Pro", "url_img": "https://cdn21vek.by/img/galleries/6218/28/preview/bloodyx5pro_a4tech_5f912d0ce3b27.jpeg", "url_product": "https://www.21vek.by/mouses/bloodyx5pro_a4tech.html", "price": "133.18"}, {"name": "\u041c\u044b\u0448\u044c Gembird MG-530", "url_img": "https://cdn21vek.by/img/galleries/523/716/preview/mg530_gembird_5a7aeb00e24df.jpeg", "url_product": "https://www.21vek.by/mouses/mg530_gembird.html", "price": "27.56"}, {"name": "\u041c\u044b\u0448\u044c Oklick 888G Infinity (\u0447\u0435\u0440\u043d\u044b\u0439)", "url_img": "https://cdn21vek.by/img/galleries/5755/706/preview/888ginfinity_oklick_5db8306f00165.jpeg", "url_product": "https://www.21vek.by/mouses/888ginfinity_oklick.html", "price": "30.89"}, {"name": "\u041c\u044b\u0448\u044c Qumo Valhalla M35", "url_img": "https://cdn21vek.by/img/galleries/1011/43/preview/valhallam35_qumo_5cdd062283a21.jpeg", "url_product": "https://www.21vek.by/mouses/valhallam35_qumo.html", "price": "32.82"}, {"name": "\u041c\u044b\u0448\u044c Ritmix ROM-330", "url_img": "https://cdn21vek.by/img/galleries/7797/507/preview/rom330_ritmix_635b976e8cc85.jpeg", "url_product": "https://www.21vek.by/mouses/rom330_ritmix.html", "price": "36.03"}, {"name": "\u041c\u044b\u0448\u044c SmartBuy Rush Avatar / SBM-724G-W (\u0431\u0435\u043b\u044b\u0439)", "url_img": "https://cdn21vek.by/img/galleries/7501/661/preview/rushavatarsbm724gw_smartbuy_628cd7736953c.jpeg", "url_product": "https://www.21vek.by/mouses/rushavatarsbm724gw_smartbuy.html", "price": "36.56"}, {"name": "\u041c\u044b\u0448\u044c Oklick 717G Prophecy (\u0447\u0435\u0440\u043d\u044b\u0439)", "url_img": "https://cdn21vek.by/img/galleries/65601/125/preview/717gprophecy_oklick_61b1b533220d1.jpeg", "url_product": "https://www.21vek.by/mouses/717gprophecy_oklick.html", "price": "40.61"}, {"name": "\u041c\u044b\u0448\u044c Qumo Annihilator M04", "url_img": "https://cdn21vek.by/img/galleries/1011/32/preview/annihilatorm04_qumo_5cdcfb314f882.jpeg", "url_product": "https://www.21vek.by/mouses/annihilatorm04_qumo.html", "price": "40.86"}, {"name": "\u041c\u044b\u0448\u044c Oklick 727G Anubis (\u0447\u0435\u0440\u043d\u044b\u0439)", "url_img": "https://cdn21vek.by/img/galleries/65601/182/preview/727ganubis_oklick_61b1b618b703a.jpeg", "url_product": "https://www.21vek.by/mouses/727ganubis_oklick.html", "price": "52.32"}, {"name": "\u041c\u044b\u0448\u044c Marvo M428BK (\u0447\u0435\u0440\u043d\u044b\u0439)", "url_img": "https://cdn21vek.by/img/galleries/6789/516/preview/m428bk_marvo__611a436c22bd1.jpeg", "url_product": "https://www.21vek.by/mouses/m428bk_marvo_.html", "price": "53.50"}, {"name": "\u041c\u044b\u0448\u044c TFN Saibot MX-4 / TFN-GM-MW-MX-4 (\u0447\u0435\u0440\u043d\u044b\u0439)", "url_img": "https://cdn21vek.by/img/galleries/7547/345/preview/saibotmx4tfngmmwmx4_tnf_62a85875dbc43.jpeg", "url_product": "https://www.21vek.by/mouses/saibotmx4tfngmmwmx4_tnf.html", "price": "67.28"}, {"name": "\u041c\u044b\u0448\u044c A4Tech Bloody Blazing A6", "url_img": "https://cdn21vek.by/img/galleries/447/736/preview/bloodyblazinga6_a4tech_5904559d1b7e8.jpeg", "url_product": "https://www.21vek.by/mouses/bloodyblazinga6_a4tech.html", "price": "90.00"}, {"name": "\u041c\u044b\u0448\u044c Redragon Reaping Elite / 70794", "url_img": "https://cdn21vek.by/img/galleries/7905/308/preview/reapingelite70794_redragon_63e10914e3e90.jpeg", "url_product": "https://www.21vek.by/mouses/reapingelite70794_redragon.html", "price": "112.00"}, {"name": "\u041c\u044b\u0448\u044c GENESIS Xenon 800 / NMG-1629 (\u0447\u0435\u0440\u043d\u044b\u0439)", "url_img": "https://cdn21vek.by/img/galleries/6139/187/preview/xenon800nmg1629_genesis__5f44d0c74ef78.jpeg", "url_product": "https://www.21vek.by/mouses/xenon800nmg1629_genesis_.html", "price": "143.65"}, {"name": "\u041c\u044b\u0448\u044c \u0413\u0430\u0440\u043d\u0438\u0437\u043e\u043d \u0425\u0430\u0440\u0430 GM-720G", "url_img": "https://cdn21vek.by/img/galleries/556/697/preview/gm720g_garnizon_5aad33d30b4a5.jpeg", "url_product": "https://www.21vek.by/mouses/gm720g_garnizon.html", "price": "28.02"}, {"name": "\u041c\u044b\u0448\u044c Canyon GM-211 / CND-SGM211", "url_img": "https://cdn21vek.by/img/galleries/8213/613/preview/gm211cndsgm211_canyon_643e46a0eea56.jpeg", "url_product": "https://www.21vek.by/mouses/gm211cndsgm211_canyon.html", "price": "29.90"}, {"name": "\u041c\u044b\u0448\u044c Qumo Assassin M33", "url_img": "https://cdn21vek.by/img/galleries/1011/33/preview/assassinm33_qumo_5cdcfce4383f8.jpeg", "url_product": "https://www.21vek.by/mouses/assassinm33_qumo.html", "price": "30.10"}, {"name": "\u041c\u044b\u0448\u044c Oklick 925G Storm (\u0447\u0435\u0440\u043d\u044b\u0439)", "url_img": "https://cdn21vek.by/img/galleries/6301/741/preview/925gstorm_oklick_5fddbaa429895.jpeg", "url_product": "https://www.21vek.by/mouses/925gstorm_oklick.html", "price": "30.20"}, {"name": "\u041c\u044b\u0448\u044c Qumo Portal M39", "url_img": "https://cdn21vek.by/img/galleries/1143/660/preview/portalm39_qumo_5d6000369e61c.jpeg", "url_product": "https://www.21vek.by/mouses/portalm39_qumo.html", "price": "32.61"}, {"name": "\u041c\u044b\u0448\u044c Qumo Crypt M57", "url_img": "https://cdn21vek.by/img/galleries/5677/957/preview/cryptm57_qumo_5d95d0bb925ac.jpeg", "url_product": "https://www.21vek.by/mouses/cryptm57_qumo.html", "price": "32.80"}, {"name": "\u041c\u044b\u0448\u044c Oklick 935G Starfall (\u0447\u0435\u0440\u043d\u044b\u0439)", "url_img": "https://cdn21vek.by/img/galleries/5827/614/preview/935gstarfall_oklick_5df79d16de2af.jpeg", "url_product": "https://www.21vek.by/mouses/935gstarfall_oklick.html", "price": "33.41"}, {"name": "\u041c\u044b\u0448\u044c Qumo Gremlin M37", "url_img": "https://cdn21vek.by/img/galleries/1011/36/preview/gremlinm37_qumo_5cff6ba481372.jpeg", "url_product": "https://www.21vek.by/mouses/gremlinm37_qumo.html", "price": "33.57"}, {"name": "\u041c\u044b\u0448\u044c Oklick 715G Gaming (\u0447\u0435\u0440\u043d\u044b\u0439)", "url_img": "https://cdn21vek.by/img/galleries/1166/148/preview/715ggaming_oklick_5d5fea5dcd384.jpeg", "url_product": "https://www.21vek.by/mouses/715ggaming_oklick.html", "price": "33.60"}, {"name": "\u041c\u044b\u0448\u044c Oklick 765G Symbiont (\u0447\u0435\u0440\u043d\u044b\u0439)", "url_img": "https://cdn21vek.by/img/galleries/1166/154/preview/765gsymbiont_oklick_5d5fec830afb7.jpeg", "url_product": "https://www.21vek.by/mouses/765gsymbiont_oklick.html", "price": "34.18"}, {"name": "\u041c\u044b\u0448\u044c Oklick 995G Swat (\u0447\u0435\u0440\u043d\u044b\u0439)", "url_img": "https://cdn21vek.by/img/galleries/1166/163/preview/995gswat_oklick_5d5ff036c6365.jpeg", "url_product": "https://www.21vek.by/mouses/995gswat_oklick.html", "price": "35.52"}, {"name": "\u041c\u044b\u0448\u044c Qumo Predator M53 / Q24124", "url_img": "https://cdn21vek.by/img/galleries/7754/399/preview/predatorm53q24124_qumo_634faf5c5cfcb.jpeg", "url_product": "https://www.21vek.by/mouses/predatorm53q24124_qumo.html", "price": "36.45"}, {"name": "\u041c\u044b\u0448\u044c Oklick 915G Hellwish V2 (\u0447\u0435\u0440\u043d\u044b\u0439/\u0441\u0435\u0440\u0435\u0431\u0440\u0438\u0441\u0442\u044b\u0439)", "url_img": "https://cdn21vek.by/img/galleries/5827/617/preview/915ghellwishv2_oklick_5df79c10abfbd.jpeg", "url_product": "https://www.21vek.by/mouses/915ghellwishv2_oklick.html", "price": "37.34"}, {"name": "\u041c\u044b\u0448\u044c Marvo M355 (\u0447\u0435\u0440\u043d\u044b\u0439)", "url_img": "https://cdn21vek.by/img/galleries/6789/504/preview/m355_marvo__611a3d2935639.jpeg", "url_product": "https://www.21vek.by/mouses/m355_marvo_.html", "price": "38.96"}, {"name": "\u041c\u044b\u0448\u044c Qumo Predator M80 / Q32971", "url_img": "https://cdn21vek.by/img/galleries/7754/398/preview/predatorm80q32971_qumo_63318183366fa.jpeg", "url_product": "https://www.21vek.by/mouses/predatorm80q32971_qumo.html", "price": "42.21"}, {"name": "\u041c\u044b\u0448\u044c \u0413\u0430\u0440\u043d\u0438\u0437\u043e\u043d \u0410\u0441\u0442\u0435\u0440\u0438\u043e\u043d GM-730G", "url_img": "https://cdn21vek.by/img/galleries/556/698/preview/gm730g_garnizon_5aad355cdb2f2.jpeg", "url_product": "https://www.21vek.by/mouses/gm730g_garnizon.html", "price": "44.64"}, {"name": "\u041c\u044b\u0448\u044c Qumo Rampage M49", "url_img": "https://cdn21vek.by/img/galleries/1011/40/preview/rampagem49_qumo_5cdd040a8c59b.jpeg", "url_product": "https://www.21vek.by/mouses/rampagem49_qumo.html", "price": "45.47"}, {"name": "\u041c\u044b\u0448\u044c Defender Commander GM-511 / 52557", "url_img": "https://cdn21vek.by/img/galleries/8230/743/preview/commandergm51152557_defender_643d1594c6680.jpeg", "url_product": "https://www.21vek.by/mouses/commandergm51152557_defender.html", "price": "46.94"}, {"name": "\u041c\u044b\u0448\u044c Qumo Pantheon M50", "url_img": "https://cdn21vek.by/img/galleries/1143/657/preview/pantheonm50_qumo_5d5ffeae5ac0e.jpeg", "url_product": "https://www.21vek.by/mouses/pantheonm50_qumo.html", "price": "47.32"}, {"name": "\u041c\u044b\u0448\u044c Oklick GMNG 850GM (\u043a\u0440\u0430\u0441\u043d\u044b\u0439)", "url_img": "https://cdn21vek.by/img/galleries/8110/77/preview/gmng850gm_oklick_63e3b37dbe998.jpeg", "url_product": "https://www.21vek.by/mouses/gmng850gm_oklick.html", "price": "48.96"}, {"name": "\u041c\u044b\u0448\u044c Gembird MG-790", "url_img": "https://cdn21vek.by/img/galleries/6971/566/preview/mg790_gembird_616421b4ee65f.jpeg", "url_product": "https://www.21vek.by/mouses/mg790_gembird.html", "price": "51.78"}, {"name": "\u041c\u044b\u0448\u044c White Shark GM-5003 Azarah RGB", "url_img": "https://cdn21vek.by/img/galleries/6033/940/preview/gm5003azarahrgb_white_shark_5ee76beb1d2d0.jpeg", "url_product": "https://www.21vek.by/mouses/gm5003azarahrgb_white_shark.html", "price": "54.67"}, {"name": "\u041c\u044b\u0448\u044c Gembird MG-800 (\u0447\u0435\u0440\u043d\u044b\u0439)", "url_img": "https://cdn21vek.by/img/galleries/8231/708/preview/mg800_gembird_6448fd2f3f9e2.jpeg", "url_product": "https://www.21vek.by/mouses/mg800_gembird.html", "price": "55.36"}, {"name": "\u041c\u044b\u0448\u044c Gembird MG-590 (\u0447\u0435\u0440\u043d\u044b\u0439)", "url_img": "https://cdn21vek.by/img/galleries/8121/525/preview/mg590_gembird_63f3e42ca237f.jpeg", "url_product": "https://www.21vek.by/mouses/mg590_gembird.html", "price": "55.89"}, {"name": "\u041c\u044b\u0448\u044c Marvo M518", "url_img": "https://cdn21vek.by/img/galleries/6152/456/preview/m518_marvo__5f52098162c80.jpeg", "url_product": "https://www.21vek.by/mouses/m518_marvo_.html", "price": "56.13"}, {"name": "\u041c\u044b\u0448\u044c Oklick GMNG 950GM (\u0447\u0435\u0440\u043d\u044b\u0439)", "url_img": "https://cdn21vek.by/img/galleries/8110/74/preview/gmng950gm_oklick_63e3b265c11d4.jpeg", "url_product": "https://www.21vek.by/mouses/gmng950gm_oklick.html", "price": "56.64"}, {"name": "\u041c\u044b\u0448\u044c Gembird MG-770 (\u0447\u0435\u0440\u043d\u044b\u0439)", "url_img": "https://cdn21vek.by/img/galleries/8231/703/preview/mg770_gembird_6448fa7b53c3f.jpeg", "url_product": "https://www.21vek.by/mouses/mg770_gembird.html", "price": "58.93"}, {"name": "\u041c\u044b\u0448\u044c SureFire Condor Claw / 48816", "url_img": "https://cdn21vek.by/img/galleries/7166/343/preview/condorclaw48816_surefire_61d6dbe3a8369.jpeg", "url_product": "https://www.21vek.by/mouses/condorclaw48816_surefire.html", "price": "60.03"}, {"name": "\u041c\u044b\u0448\u044c Aula Tantibus SI-9003a / 182707", "url_img": "https://cdn21vek.by/img/galleries/517/333/preview/tantibussi9003a182707_aula_5a795cdeb1fa4.jpeg", "url_product": "https://www.21vek.by/mouses/tantibussi9003a182707_aula.html", "price": "60.56"}, {"name": "\u041c\u044b\u0448\u044c Oklick GMNG 970GM (\u0447\u0435\u0440\u043d\u044b\u0439)", "url_img": "https://cdn21vek.by/img/galleries/8110/72/preview/gmng970gm_oklick_63e3b01d90c27.jpeg", "url_product": "https://www.21vek.by/mouses/gmng970gm_oklick.html", "price": "62.40"}, {"name": "\u041c\u044b\u0448\u044c A4Tech Bloody ES7 (\u0447\u0435\u0440\u043d\u044b\u0439)", "url_img": "https://cdn21vek.by/img/galleries/7935/77/preview/bloodyes7_a4tech_63908cfcbd150.jpeg", "url_product": "https://www.21vek.by/mouses/bloodyes7_a4tech.html", "price": "66.43"}, {"name": "\u041c\u044b\u0448\u044c GENESIS Krypton 290 / NMG-1771 (\u0447\u0435\u0440\u043d\u044b\u0439)", "url_img": "https://cdn21vek.by/img/galleries/7019/981/preview/krypton290nmg1771_genesis__617a94c1de05d.jpeg", "url_product": "https://www.21vek.by/mouses/krypton290nmg1771_genesis_.html", "price": "75.26"}, {"name": "\u041c\u044b\u0448\u044c Genius Scorpion M6-600 (\u0447\u0435\u0440\u043d\u044b\u0439/\u043e\u0440\u0430\u043d\u0436\u0435\u0432\u044b\u0439)", "url_img": "https://cdn21vek.by/img/galleries/5942/700/preview/scorpionm6600_genius_01_5e74c3e94c299.jpeg", "url_product": "https://www.21vek.by/mouses/scorpionm6600_genius_01.html", "price": "76.80"}, {"name": "\u041a\u043e\u0432\u0440\u0438\u043a \u0434\u043b\u044f \u043c\u044b\u0448\u0438 Qumo Dominator K66/M83", "url_img": "https://cdn21vek.by/img/galleries/7213/593/preview/dominatork66m83_qumo_6220af9920622.jpeg", "url_product": "https://www.21vek.by/mouses/dominatork66m83_qumo.html", "price": "78.21"}, {"name": "\u041c\u044b\u0448\u044c GENESIS Xenon 330 / NMG-1375 (\u0447\u0435\u0440\u043d\u044b\u0439)", "url_img": "https://cdn21vek.by/img/galleries/6004/48/preview/xenon330nmg1375_genesis__5ecbef1f3a615.png", "url_product": "https://www.21vek.by/mouses/xenon330nmg1375_genesis_.html", "price": "78.69"}, {"name": "\u041c\u044b\u0448\u044c Oklick GMNG 705GM (\u0447\u0435\u0440\u043d\u044b\u0439)", "url_img": "https://cdn21vek.by/img/galleries/8110/96/preview/gmng705gm_oklick_63e3b6c88b7b2.jpeg", "url_product": "https://www.21vek.by/mouses/gmng705gm_oklick.html", "price": "78.72"}, {"name": "\u041c\u044b\u0448\u044c GENESIS Krypton 310 / NMG-1733 (\u0447\u0435\u0440\u043d\u044b\u0439)", "url_img": "https://cdn21vek.by/img/galleries/6503/980/preview/krypton310nmg1733_genesis__608ff4b2e43e7.jpeg", "url_product": "https://www.21vek.by/mouses/krypton310nmg1733_genesis_.html", "price": "81.66"}, {"name": "\u041c\u044b\u0448\u044c Marvo G943 (\u0447\u0435\u0440\u043d\u044b\u0439)", "url_img": "https://cdn21vek.by/img/galleries/65595/699/preview/g943_marvo__61af0acc24959.jpeg", "url_product": "https://www.21vek.by/mouses/g943_marvo_.html", "price": "84.36"}, {"name": "\u041c\u044b\u0448\u044c Harper GM-P05", "url_img": "https://cdn21vek.by/img/galleries/947/133/preview/gmp05_harper_5cc047f18af78.jpeg", "url_product": "https://www.21vek.by/mouses/gmp05_harper.html", "price": "89.18"}, {"name": "\u041c\u044b\u0448\u044c Redragon Reaping / 70728", "url_img": "https://cdn21vek.by/img/galleries/7905/314/preview/reaping70728_redragon_6401f44714f6e.jpeg", "url_product": "https://www.21vek.by/mouses/reaping70728_redragon.html", "price": "89.90"}, {"name": "\u041c\u044b\u0448\u044c eShark ESL-M1 Tanto", "url_img": "https://cdn21vek.by/img/galleries/6030/979/preview/eslm1tanto_eshark_5ee712f3aef4c.jpeg", "url_product": "https://www.21vek.by/mouses/eslm1tanto_eshark.html", "price": "95.74"}, {"name": "\u041c\u044b\u0448\u044c A4Tech Bloody L65 Max (\u0447\u0435\u0440\u043d\u044b\u0439)", "url_img": "https://cdn21vek.by/img/galleries/8036/218/preview/bloodyl65max_a4tech_63c8f72748201.jpeg", "url_product": "https://www.21vek.by/mouses/bloodyl65max_a4tech.html", "price": "102.50"}, {"name": "\u041c\u044b\u0448\u044c Omega Varr OM-275 / OM0275", "url_img": "https://cdn21vek.by/img/galleries/5665/552/preview/varrom275om0275_omega_5d78e08312f8e.jpeg", "url_product": "https://www.21vek.by/mouses/varrom275om0275_omega.html", "price": "106.44"}, {"name": "\u041c\u044b\u0448\u044c Aula Nomad 230734", "url_img": "https://cdn21vek.by/img/galleries/6255/580/preview/nomad230734_aula_6002bd4422ad8.png", "url_product": "https://www.21vek.by/mouses/nomad230734_aula.html", "price": "106.85"}, {"name": "\u041c\u044b\u0448\u044c A4Tech Bloody P80 Pro", "url_img": "https://cdn21vek.by/img/galleries/5657/400/preview/bloodyp80pro_a4tech_5d78c217d0560.jpeg", "url_product": "https://www.21vek.by/mouses/bloodyp80pro_a4tech.html", "price": "107.00"}, {"name": "\u041c\u044b\u0448\u044c A4Tech Bloody ES9 (\u0447\u0435\u0440\u043d\u044b\u0439)", "url_img": "https://cdn21vek.by/img/galleries/7675/700/preview/bloodyes9_a4tech_6375e1a5bdb9f.jpeg", "url_product": "https://www.21vek.by/mouses/bloodyes9_a4tech.html", "price": "112.00"}, {"name": "\u041c\u044b\u0448\u044c A4Tech Bloody W90 Max Panda  (\u0447\u0435\u0440\u043d\u044b\u0439/\u0431\u0435\u043b\u044b\u0439)", "url_img": "https://cdn21vek.by/img/galleries/7631/514/preview/bloodyw90maxpanda_a4tech_632d7638170d2.jpeg", "url_product": "https://www.21vek.by/mouses/bloodyw90maxpanda_a4tech.html", "price": "113.54"}, {"name": "\u041c\u044b\u0448\u044c GENESIS Krypton 720 G2 / NMG-1850 (\u0447\u0435\u0440\u043d\u044b\u0439)", "url_img": "https://cdn21vek.by/img/galleries/7259/339/preview/krypton720g2nmg1850_genesis__620e360c72fbe.jpeg", "url_product": "https://www.21vek.by/mouses/krypton720g2nmg1850_genesis_.html", "price": "117.83"}, {"name": "\u041c\u044b\u0448\u044c A4Tech Bloody W90 Max (\u0431\u0435\u043b\u044b\u0439)", "url_img": "https://cdn21vek.by/img/galleries/7552/926/preview/bloodyw90max_a4tech_01_62ac61f78a87b.jpeg", "url_product": "https://www.21vek.by/mouses/bloodyw90max_a4tech_01.html", "price": "124.03"}, {"name": "\u041c\u044b\u0448\u044c GENESIS Krypton 555 / NMG-1839 (\u0447\u0435\u0440\u043d\u044b\u0439)", "url_img": "https://cdn21vek.by/img/galleries/7259/334/preview/krypton555nmg1839_genesis__620a2601401c7.jpeg", "url_product": "https://www.21vek.by/mouses/krypton555nmg1839_genesis_.html", "price": "132.82"}, {"name": "\u041c\u044b\u0448\u044c GENESIS Krypton 555 / NMG-1840 (\u0431\u0435\u043b\u044b\u0439)", "url_img": "https://cdn21vek.by/img/galleries/8040/668/preview/krypton555nmg1840_genesis__64021aa68aef4.jpeg", "url_product": "https://www.21vek.by/mouses/krypton555nmg1840_genesis_.html", "price": "132.82"}, {"name": "\u041c\u044b\u0448\u044c GENESIS Xenon 770 / NMG-1473 (\u0447\u0435\u0440\u043d\u044b\u0439/\u043a\u0440\u0430\u0441\u043d\u044b\u0439)", "url_img": "https://cdn21vek.by/img/galleries/6503/979/preview/xenon770nmg1473_genesis__608ff16931f9f.jpeg", "url_product": "https://www.21vek.by/mouses/xenon770nmg1473_genesis_.html", "price": "135.49"}, {"name": "\u041c\u044b\u0448\u044c A4Tech Bloody ES9 Pro (\u0447\u0435\u0440\u043d\u044b\u0439)", "url_img": "https://cdn21vek.by/img/galleries/7675/697/preview/bloodyes9pro_a4tech_641c0b554bba8.jpeg", "url_product": "https://www.21vek.by/mouses/bloodyes9pro_a4tech.html", "price": "137.29"}, {"name": "\u041c\u044b\u0448\u044c GENESIS Krypton 750 / NMG-1841 (\u0447\u0435\u0440\u043d\u044b\u0439)", "url_img": "https://cdn21vek.by/img/galleries/7259/344/preview/krypton750nmg1841_genesis__620a2a760b5f5.jpeg", "url_product": "https://www.21vek.by/mouses/krypton750nmg1841_genesis_.html", "price": "137.61"}, {"name": "\u041c\u044b\u0448\u044c GENESIS Krypton 770 / NMG-1163", "url_img": "https://cdn21vek.by/img/galleries/1054/857/preview/krypton770nmg1163_genesis__5d03912fc52e8.png", "url_product": "https://www.21vek.by/mouses/krypton770nmg1163_genesis_.html", "price": "140.69"}, {"name": "\u041c\u044b\u0448\u044c GENESIS Zircon 550 / NMG-1787 (\u0447\u0435\u0440\u043d\u044b\u0439)", "url_img": "https://cdn21vek.by/img/galleries/65551/682/preview/zircon550nmg1787_genesis__6197bbb455d12.jpeg", "url_product": "https://www.21vek.by/mouses/zircon550nmg1787_genesis_.html", "price": "165.51"}, {"name": "\u041c\u044b\u0448\u044c Redragon Vampire Elite / 77752", "url_img": "https://cdn21vek.by/img/galleries/7911/587/preview/vampireelite77752_redragon_6401eb624c600.jpeg", "url_product": "https://www.21vek.by/mouses/vampireelite77752_redragon.html", "price": "165.90"}, {"name": "\u041c\u044b\u0448\u044c Redragon Enlightment / 70644", "url_img": "https://cdn21vek.by/img/galleries/7886/173/preview/enlightment70644_redragon_63e0fd237d2dd.jpeg", "url_product": "https://www.21vek.by/mouses/enlightment70644_redragon.html", "price": "169.90"}, {"name": "\u041c\u044b\u0448\u044c MSI Clutch GM30 Black", "url_img": "https://cdn21vek.by/img/galleries/6404/597/preview/clutchgm30black_msi_62839b8d0321e.jpeg", "url_product": "https://www.21vek.by/mouses/clutchgm30black_msi.html", "price": "190.77"}, {"name": "\u041c\u044b\u0448\u044c MSI Clutch GM50 (\u0447\u0435\u0440\u043d\u044b\u0439)", "url_img": "https://cdn21vek.by/img/galleries/6788/893/preview/clutchgm50_msi_62bed4ebae9b1.jpeg", "url_product": "https://www.21vek.by/mouses/clutchgm50_msi.html", "price": "242.38"}, {"name": "\u041c\u044b\u0448\u044c MSI Clutch GM41 Lightweight V2", "url_img": "https://cdn21vek.by/img/galleries/7582/517/preview/clutchgm41lightweightv2_msi_62d1303c56d7e.jpeg", "url_product": "https://www.21vek.by/mouses/clutchgm41lightweightv2_msi.html", "price": "252.65"}, {"name": "\u041c\u044b\u0448\u044c Razer Basilisk V3 / RZ01-04000100-R3M1", "url_img": "https://cdn21vek.by/img/galleries/65569/715/preview/basiliskv3rz0104000100r3m1_razer_61a4877710119.jpeg", "url_product": "https://www.21vek.by/mouses/basiliskv3rz0104000100r3m1_razer.html", "price": "289.00"}]]