["\u0421\u0438\u0441\u0442\u0435\u043c\u044b \u043e\u0445\u043b\u0430\u0436\u0434\u0435\u043d\u0438\u044f", [{"name": "\u041a\u0443\u043b\u0435\u0440 \u0434\u043b\u044f \u043f\u0440\u043e\u0446\u0435\u0441\u0441\u043e\u0440\u0430 ID-Cooling SE-802-SD", "url_img": "https://cdn21vek.by/img/galleries/7701/536/preview/se802sd_idcooling_630f1b6f6decf.jpeg", "url_product": "https://www.21vek.by/cooling_fans/se802sd_idcooling.html", "price": "30.78"}, {"name": "\u0412\u0435\u043d\u0442\u0438\u043b\u044f\u0442\u043e\u0440 \u0434\u043b\u044f \u043a\u043e\u0440\u043f\u0443\u0441\u0430 Deepcool RF120 FS (DP-FLED3-RF120-FS)", "url_img": "https://cdn21vek.by/img/galleries/7575/9/preview/rf120fsdpfled3rf120fs_deepcool_63b670e30e189.jpeg", "url_product": "https://www.21vek.by/cooling_fans/rf120fsdpfled3rf120fs_deepcool.html", "price": "24.73"}, {"name": "\u041a\u0443\u043b\u0435\u0440 \u0434\u043b\u044f \u043f\u0440\u043e\u0446\u0435\u0441\u0441\u043e\u0440\u0430 ID-Cooling SE-224-XTS ARGB", "url_img": "https://cdn21vek.by/img/galleries/7873/668/preview/se224xtsargb_idcooling_637b7ee1014db.jpeg", "url_product": "https://www.21vek.by/cooling_fans/se224xtsargb_idcooling.html", "price": "84.30"}, {"name": "\u041a\u0443\u043b\u0435\u0440 \u0434\u043b\u044f \u043f\u0440\u043e\u0446\u0435\u0441\u0441\u043e\u0440\u0430 ID-Cooling SE-903-SD", "url_img": "https://cdn21vek.by/img/galleries/6748/124/preview/se903sd_idcooling_615301a08a27a.jpeg", "url_product": "https://www.21vek.by/cooling_fans/se903sd_idcooling.html", "price": "42.03"}, {"name": "\u041a\u0443\u043b\u0435\u0440 \u0434\u043b\u044f \u043f\u0440\u043e\u0446\u0435\u0441\u0441\u043e\u0440\u0430 AeroCool Verkho A", "url_img": "https://cdn21vek.by/img/galleries/675/12/preview/verkhoa_aerocool_5b9a3649d40bb.jpeg", "url_product": "https://www.21vek.by/cooling_fans/verkhoa_aerocool.html", "price": "23.91"}, {"name": "\u041a\u0443\u043b\u0435\u0440 \u0434\u043b\u044f \u043f\u0440\u043e\u0446\u0435\u0441\u0441\u043e\u0440\u0430 ID-Cooling SE-224-XT Basic", "url_img": "https://cdn21vek.by/img/galleries/6594/532/preview/se224xtbasic_idcooling_60c210986b845.jpeg", "url_product": "https://www.21vek.by/cooling_fans/se224xtbasic_idcooling.html", "price": "65.62"}, {"name": "\u041a\u0443\u043b\u0435\u0440 \u0434\u043b\u044f \u043f\u0440\u043e\u0446\u0435\u0441\u0441\u043e\u0440\u0430 PCCooler GI-X4R V2", "url_img": "https://cdn21vek.by/img/galleries/6149/526/preview/gix4rv2_pccooler_602ba11145c67.jpeg", "url_product": "https://www.21vek.by/cooling_fans/gix4rv2_pccooler.html", "price": "63.05"}, {"name": "\u0412\u0435\u043d\u0442\u0438\u043b\u044f\u0442\u043e\u0440 \u0434\u043b\u044f \u043a\u043e\u0440\u043f\u0443\u0441\u0430 Rexant RQD 9225MS 12VDC / 72-5090", "url_img": "https://cdn21vek.by/img/galleries/1117/996/preview/rqd9225ms12vdc725090_rexant_60c718792ffdf.jpeg", "url_product": "https://www.21vek.by/cooling_fans/rqd9225ms12vdc725090_rexant.html", "price": "9.00"}, {"name": "\u041a\u0443\u043b\u0435\u0440 \u0434\u043b\u044f \u043f\u0440\u043e\u0446\u0435\u0441\u0441\u043e\u0440\u0430 ID-Cooling SE-224-XTS Black", "url_img": "https://cdn21vek.by/img/galleries/7873/683/preview/se224xtsblack_idcooling_63e27e48cf171.jpeg", "url_product": "https://www.21vek.by/cooling_fans/se224xtsblack_idcooling.html", "price": "77.47"}, {"name": "\u0422\u0435\u0440\u043c\u043e\u043f\u0440\u043e\u043a\u043b\u0430\u0434\u043a\u0430 Deepcool EK720-L-1.0 / R-EK720-GYLL10-G-1 (100x50x1)", "url_img": "https://cdn21vek.by/img/galleries/7294/5/preview/ek720l10rek720gyll10g1_deepcool_6267ab210def6.jpeg", "url_product": "https://www.21vek.by/cooling_fans/ek720l10rek720gyll10g1_deepcool.html", "price": "34.72"}, {"name": "\u0412\u0435\u043d\u0442\u0438\u043b\u044f\u0442\u043e\u0440 \u0434\u043b\u044f \u043a\u043e\u0440\u043f\u0443\u0441\u0430 Rexant RQD 4010MS 12VDC / 72-5040", "url_img": "https://cdn21vek.by/img/galleries/6927/345/preview/rqd4010ms12vdc725040_rexant_620214f5a0a70.jpeg", "url_product": "https://www.21vek.by/cooling_fans/rqd4010ms12vdc725040_rexant.html", "price": "10.26"}, {"name": "\u0412\u0435\u043d\u0442\u0438\u043b\u044f\u0442\u043e\u0440 \u0434\u043b\u044f \u043a\u043e\u0440\u043f\u0443\u0441\u0430 ID-Cooling WF-14025-XT (\u0447\u0435\u0440\u043d\u044b\u0439)", "url_img": "https://cdn21vek.by/img/galleries/6748/602/preview/wf14025xt_idcooling_01_6130ea31af7e0.jpeg", "url_product": "https://www.21vek.by/cooling_fans/wf14025xt_idcooling_01.html", "price": "29.50"}, {"name": "\u041a\u0443\u043b\u0435\u0440 \u0434\u043b\u044f \u043f\u0440\u043e\u0446\u0435\u0441\u0441\u043e\u0440\u0430 Zalman CNPS4X RGB", "url_img": "https://cdn21vek.by/img/galleries/6601/802/preview/cnps4xrgb_zalman_60c2124c8b7df.jpeg", "url_product": "https://www.21vek.by/cooling_fans/cnps4xrgb_zalman.html", "price": "75.41"}, {"name": "\u041a\u0443\u043b\u0435\u0440 \u0434\u043b\u044f \u043f\u0440\u043e\u0446\u0435\u0441\u0441\u043e\u0440\u0430 PCCooler GI-X6R", "url_img": "https://cdn21vek.by/img/galleries/5967/316/preview/gix6r_pccooler_5e8c85bbc7908.jpeg", "url_product": "https://www.21vek.by/cooling_fans/gix6r_pccooler.html", "price": "89.75"}, {"name": "\u0412\u0435\u043d\u0442\u0438\u043b\u044f\u0442\u043e\u0440 \u0434\u043b\u044f \u043a\u043e\u0440\u043f\u0443\u0441\u0430 Rexant RX 12038MS 12VDC / 72-5121", "url_img": "https://cdn21vek.by/img/galleries/6927/347/preview/rx12038ms12vdc725121_rexant_616ec8012cb95.jpeg", "url_product": "https://www.21vek.by/cooling_fans/rx12038ms12vdc725121_rexant.html", "price": "36.18"}, {"name": "\u041a\u0443\u043b\u0435\u0440 \u0434\u043b\u044f \u043f\u0440\u043e\u0446\u0435\u0441\u0441\u043e\u0440\u0430 ID-Cooling DK-19 PWM", "url_img": "https://cdn21vek.by/img/galleries/7569/399/preview/dk19pwm_idcooling_630f136d009c0.jpeg", "url_product": "https://www.21vek.by/cooling_fans/dk19pwm_idcooling.html", "price": "27.54"}, {"name": "\u041a\u0443\u043b\u0435\u0440 \u0434\u043b\u044f \u043f\u0440\u043e\u0446\u0435\u0441\u0441\u043e\u0440\u0430 Xilence Performance C Universal 150W TDP M403PRO (XC029)", "url_img": "https://cdn21vek.by/img/galleries/5780/291/preview/performancecuniversal150wtdpm403proxc029_xilence_5dd2b861a0ebf.png", "url_product": "https://www.21vek.by/cooling_fans/performancecuniversal150wtdpm403proxc029_xilence.html", "price": "74.88"}, {"name": "\u0412\u0435\u043d\u0442\u0438\u043b\u044f\u0442\u043e\u0440 \u0434\u043b\u044f \u043a\u043e\u0440\u043f\u0443\u0441\u0430 Rexant RQA 12038HSL / 72-6122", "url_img": "https://cdn21vek.by/img/galleries/1102/990/preview/rqa12038hsl726122_rexant_5da0a0690acc8.jpeg", "url_product": "https://www.21vek.by/cooling_fans/rqa12038hsl726122_rexant.html", "price": "22.24"}, {"name": "\u0412\u0435\u043d\u0442\u0438\u043b\u044f\u0442\u043e\u0440 \u0434\u043b\u044f \u043a\u043e\u0440\u043f\u0443\u0441\u0430 ID-Cooling NO-14025K (\u0447\u0435\u0440\u043d\u044b\u0439)", "url_img": "https://cdn21vek.by/img/galleries/7694/737/preview/no14025k_idcooling_6310bf9bca967.jpeg", "url_product": "https://www.21vek.by/cooling_fans/no14025k_idcooling.html", "price": "25.15"}, {"name": "\u041c\u043e\u043d\u0442\u0430\u0436\u043d\u044b\u0439 \u043a\u043e\u043c\u043f\u043b\u0435\u043a\u0442 \u0434\u043b\u044f \u043a\u0443\u043b\u0435\u0440\u0430 Arctic Cooling LGA1700 Freezer 34 eSports DUO Upgrade / MPSAS00892A", "url_img": "https://cdn21vek.by/img/galleries/65567/576/preview/coolinglga1700freezer34esportsduoupgradempsas00892a_arctic_62d901a45d197.jpeg", "url_product": "https://www.21vek.by/cooling_fans/coolinglga1700freezer34esportsduoupgradempsas00892a_arctic.html", "price": "22.98"}, {"name": "\u0412\u0435\u043d\u0442\u0438\u043b\u044f\u0442\u043e\u0440 \u0434\u043b\u044f \u043a\u043e\u0440\u043f\u0443\u0441\u0430 Zalman SF140", "url_img": "https://cdn21vek.by/img/galleries/7321/82/preview/sf140_zalman_62614f299301c.jpeg", "url_product": "https://www.21vek.by/cooling_fans/sf140_zalman.html", "price": "75.18"}, {"name": "\u041a\u0443\u043b\u0435\u0440 \u0434\u043b\u044f \u043f\u0440\u043e\u0446\u0435\u0441\u0441\u043e\u0440\u0430 Be quiet! Pure Rock Slim 2 120W (BK030)", "url_img": "https://cdn21vek.by/img/galleries/6450/233/preview/purerockslim2120wbk030_be_quiet_606ab5d1f32f8.jpeg", "url_product": "https://www.21vek.by/cooling_fans/purerockslim2120wbk030_be_quiet.html", "price": "110.76"}, {"name": "\u0412\u0435\u043d\u0442\u0438\u043b\u044f\u0442\u043e\u0440 \u0434\u043b\u044f \u043a\u043e\u0440\u043f\u0443\u0441\u0430 Deepcool RF 120 (DP-FRGB-RF120-1C)", "url_img": "https://cdn21vek.by/img/galleries/527/856/preview/rf120dpfrgbrf1201c_deepcool_60471478eb663.jpeg", "url_product": "https://www.21vek.by/cooling_fans/rf120dpfrgbrf1201c_deepcool.html", "price": "61.28"}, {"name": "\u041a\u0443\u043b\u0435\u0440 \u0434\u043b\u044f \u043f\u0440\u043e\u0446\u0435\u0441\u0441\u043e\u0440\u0430 Deepcool AG400 LED (R-AG400-BKLNMC-G-1)", "url_img": "https://cdn21vek.by/img/galleries/7970/653/preview/ag400ledrag400bklnmcg1_deepcool_639caff12aab4.jpeg", "url_product": "https://www.21vek.by/cooling_fans/ag400ledrag400bklnmcg1_deepcool.html", "price": "115.04"}, {"name": "\u041a\u0443\u043b\u0435\u0440 \u0434\u043b\u044f \u043f\u0440\u043e\u0446\u0435\u0441\u0441\u043e\u0440\u0430 Xilence Performance A+ LiQuRizer 240 ARGB (LQ240.ARGB)", "url_img": "https://cdn21vek.by/img/galleries/6087/928/preview/performancealiqurizer240argblq240argb_xilence_5f1acee8521e8.jpeg", "url_product": "https://www.21vek.by/cooling_fans/performancealiqurizer240argblq240argb_xilence.html", "price": "313.57"}, {"name": "\u041a\u0443\u043b\u0435\u0440 \u0434\u043b\u044f \u043f\u0440\u043e\u0446\u0435\u0441\u0441\u043e\u0440\u0430 Arctic Cooling Liquid Freezer II 240 RGB (ACFRE00099A)", "url_img": "https://cdn21vek.by/img/galleries/6930/939/preview/coolingliquidfreezerii240rgbacfre00099a_arctic_6152f9b5ac6ca.jpeg", "url_product": "https://www.21vek.by/cooling_fans/coolingliquidfreezerii240rgbacfre00099a_arctic.html", "price": "413.88"}, {"name": "\u0412\u0435\u043d\u0442\u0438\u043b\u044f\u0442\u043e\u0440 \u0434\u043b\u044f \u043a\u043e\u0440\u043f\u0443\u0441\u0430 Arctic Cooling P12 PWM (ACFAN00119A)", "url_img": "https://cdn21vek.by/img/galleries/5893/901/preview/coolingp12pwmacfan00119a_arctic_5e4e7f6825a14.jpeg", "url_product": "https://www.21vek.by/cooling_fans/coolingp12pwmacfan00119a_arctic.html", "price": "22.90"}, {"name": "\u041a\u0443\u043b\u0435\u0440 \u0434\u043b\u044f \u043f\u0440\u043e\u0446\u0435\u0441\u0441\u043e\u0440\u0430 ID-Cooling SE-214-XT", "url_img": "https://cdn21vek.by/img/galleries/7209/422/preview/se214xt_idcooling_62bea35f12137.jpeg", "url_product": "https://www.21vek.by/cooling_fans/se214xt_idcooling.html", "price": "63.16"}, {"name": "\u041a\u0443\u043b\u0435\u0440 \u0434\u043b\u044f \u043f\u0440\u043e\u0446\u0435\u0441\u0441\u043e\u0440\u0430 ID-Cooling SE-224-XTS", "url_img": "https://cdn21vek.by/img/galleries/7873/690/preview/se224xts_idcooling_6372117188cdf.jpeg", "url_product": "https://www.21vek.by/cooling_fans/se224xts_idcooling.html", "price": "68.62"}, {"name": "\u041a\u0443\u043b\u0435\u0440 \u0434\u043b\u044f \u043f\u0440\u043e\u0446\u0435\u0441\u0441\u043e\u0440\u0430 Deepcool Ice Edge Mini FS V2.0 (DP-MCH2-IEMV2)", "url_img": "https://cdn21vek.by/img/galleries/527/847/preview/iceedgeminifsv20dpmch2iemv2_deepcool_5adef2a826a5d.png", "url_product": "https://www.21vek.by/cooling_fans/iceedgeminifsv20dpmch2iemv2_deepcool.html", "price": "41.20"}, {"name": "\u041a\u0443\u043b\u0435\u0440 \u0434\u043b\u044f \u043f\u0440\u043e\u0446\u0435\u0441\u0441\u043e\u0440\u0430 Deepcool GammaXX 300 (DP-MCH3-GMX300)", "url_img": "https://cdn21vek.by/img/galleries/451/174/preview/gammaxx300dpmch3gmx300_deepcool_590a23b94fbcf.jpeg", "url_product": "https://www.21vek.by/cooling_fans/gammaxx300dpmch3gmx300_deepcool.html", "price": "63.21"}, {"name": "\u041a\u0443\u043b\u0435\u0440 \u0434\u043b\u044f \u043f\u0440\u043e\u0446\u0435\u0441\u0441\u043e\u0440\u0430 Be quiet! Pure Rock 2 Black 150W (BK007)", "url_img": "https://cdn21vek.by/img/galleries/6086/802/preview/purerock2black150w_be_quiet_5f1ab689de3da.jpeg", "url_product": "https://www.21vek.by/cooling_fans/purerock2black150w_be_quiet.html", "price": "155.78"}, {"name": "\u041a\u0443\u043b\u0435\u0440 \u0434\u043b\u044f \u043f\u0440\u043e\u0446\u0435\u0441\u0441\u043e\u0440\u0430 Deepcool GammaXX 300B (DP-MCH3-GMX300-BL)", "url_img": "https://cdn21vek.by/img/galleries/6014/758/preview/gammaxx300bdpmch3gmx300bl_deepcool_5ef0ea04b769c.jpeg", "url_product": "https://www.21vek.by/cooling_fans/gammaxx300bdpmch3gmx300bl_deepcool.html", "price": "66.86"}, {"name": "\u041a\u0443\u043b\u0435\u0440 \u0434\u043b\u044f \u043f\u0440\u043e\u0446\u0435\u0441\u0441\u043e\u0440\u0430 Xilence XC032 (I250PWM)", "url_img": "https://cdn21vek.by/img/galleries/5905/529/preview/xc032i250pwm_xilence_5e5cd9beb7543.png", "url_product": "https://www.21vek.by/cooling_fans/xc032i250pwm_xilence.html", "price": "34.76"}, {"name": "\u0412\u0435\u043d\u0442\u0438\u043b\u044f\u0442\u043e\u0440 \u0434\u043b\u044f \u043a\u043e\u0440\u043f\u0443\u0441\u0430 Be quiet! Pure Wings 2 140mm (BL047)", "url_img": "https://cdn21vek.by/img/galleries/5940/326/preview/purewings2140mmbl047_be_quiet_5f0c0a6a65ce4.jpeg", "url_product": "https://www.21vek.by/cooling_fans/purewings2140mmbl047_be_quiet.html", "price": "58.70"}, {"name": "\u041a\u0443\u043b\u0435\u0440 \u0434\u043b\u044f \u043f\u0440\u043e\u0446\u0435\u0441\u0441\u043e\u0440\u0430 Zalman CNPS80G", "url_img": "https://cdn21vek.by/img/galleries/5881/555/preview/cnps80g_zalman_5e41986757b9c.jpeg", "url_product": "https://www.21vek.by/cooling_fans/cnps80g_zalman.html", "price": "28.57"}, {"name": "\u041a\u0443\u043b\u0435\u0440 \u0434\u043b\u044f \u043f\u0440\u043e\u0446\u0435\u0441\u0441\u043e\u0440\u0430 ID-Cooling SE-914-XT ARGB", "url_img": "https://cdn21vek.by/img/galleries/6748/141/preview/se914xtargb_idcooling_61239d13d1c26.jpeg", "url_product": "https://www.21vek.by/cooling_fans/se914xtargb_idcooling.html", "price": "128.81"}, {"name": "\u041a\u0443\u043b\u0435\u0440 \u0434\u043b\u044f \u043f\u0440\u043e\u0446\u0435\u0441\u0441\u043e\u0440\u0430 ID-Cooling SE-903-XT", "url_img": "https://cdn21vek.by/img/galleries/7353/437/preview/se903xt_idcooling_629f49935eca1.jpeg", "url_product": "https://www.21vek.by/cooling_fans/se903xt_idcooling.html", "price": "53.73"}, {"name": "\u041a\u0443\u043b\u0435\u0440 \u0434\u043b\u044f \u043f\u0440\u043e\u0446\u0435\u0441\u0441\u043e\u0440\u0430 Deepcool Gammaxx 200T (DP-MCH2-GMX200T)", "url_img": "https://cdn21vek.by/img/galleries/527/842/preview/gammaxx200tdpmch2gmx200t_deepcool_5ac1d8b6c2e7c.jpeg", "url_product": "https://www.21vek.by/cooling_fans/gammaxx200tdpmch2gmx200t_deepcool.html", "price": "52.35"}, {"name": "\u0422\u0435\u0440\u043c\u043e\u043f\u0440\u043e\u043a\u043b\u0430\u0434\u043a\u0430 Arctic Thermal Pad 145x145x1.5 (ACTPD00006A)", "url_img": "https://cdn21vek.by/img/galleries/6004/23/preview/thermalpad145x145x15actpd00006a_arctic_5ef0bae2c8b79.jpeg", "url_product": "https://www.21vek.by/cooling_fans/thermalpad145x145x15actpd00006a_arctic.html", "price": "86.32"}, {"name": "\u041a\u0443\u043b\u0435\u0440 \u0434\u043b\u044f \u043f\u0440\u043e\u0446\u0435\u0441\u0441\u043e\u0440\u0430 AeroCool Verkho 2", "url_img": "https://cdn21vek.by/img/galleries/675/5/preview/verkho2_aerocool_5b9a306051944.jpeg", "url_product": "https://www.21vek.by/cooling_fans/verkho2_aerocool.html", "price": "67.33"}, {"name": "\u041a\u0443\u043b\u0435\u0440 \u0434\u043b\u044f \u043f\u0440\u043e\u0446\u0435\u0441\u0441\u043e\u0440\u0430 Deepcool Gamma Archer Pro 110W", "url_img": "https://cdn21vek.by/img/galleries/640/597/preview/gammaarcherpro110w_deepcool_5b8e45ee58bd2.jpeg", "url_product": "https://www.21vek.by/cooling_fans/gammaarcherpro110w_deepcool.html", "price": "48.26"}, {"name": "\u0412\u0435\u043d\u0442\u0438\u043b\u044f\u0442\u043e\u0440 \u0434\u043b\u044f \u043a\u043e\u0440\u043f\u0443\u0441\u0430 Gembird D12038HM-4", "url_img": "https://cdn21vek.by/img/galleries/6855/601/preview/d12038hm4_gembird_62a1ef7861640.jpeg", "url_product": "https://www.21vek.by/cooling_fans/d12038hm4_gembird.html", "price": "25.20"}, {"name": "\u041a\u0443\u043b\u0435\u0440 \u0434\u043b\u044f \u043f\u0440\u043e\u0446\u0435\u0441\u0441\u043e\u0440\u0430 ID-Cooling SE-214-XT ARGB", "url_img": "https://cdn21vek.by/img/galleries/7560/402/preview/se214xtargb_idcooling_01_6310a6f354f3c.jpeg", "url_product": "https://www.21vek.by/cooling_fans/se214xtargb_idcooling_01.html", "price": "64.88"}, {"name": "\u041a\u0443\u043b\u0435\u0440 \u0434\u043b\u044f \u043f\u0440\u043e\u0446\u0435\u0441\u0441\u043e\u0440\u0430 Intel E97378-001", "url_img": "https://cdn21vek.by/img/galleries/1119/807/preview/e97378001_intel_5e78b79ee548c.jpeg", "url_product": "https://www.21vek.by/cooling_fans/e97378001_intel.html", "price": "46.81"}, {"name": "\u0412\u0435\u043d\u0442\u0438\u043b\u044f\u0442\u043e\u0440 \u0434\u043b\u044f \u043a\u043e\u0440\u043f\u0443\u0441\u0430 Be quiet! Pure Wings 2 120mm PWM High Speed (BL081)", "url_img": "https://cdn21vek.by/img/galleries/6311/822/preview/purewings2120mmpwmhighspeedbl081_be_quiet_602a78a42c4bc.jpeg", "url_product": "https://www.21vek.by/cooling_fans/purewings2120mmpwmhighspeedbl081_be_quiet.html", "price": "40.37"}, {"name": "\u0422\u0435\u0440\u043c\u043e\u043f\u0440\u043e\u043a\u043b\u0430\u0434\u043a\u0430 Thermal Grizzly Minus Pad 8 30x30x0.5 / TG-MP8-30-30-05-1R", "url_img": "https://cdn21vek.by/img/galleries/7021/857/preview/minuspad830x30x05tgmp83030051r_thermalgrizzly_61b753164947e.jpeg", "url_product": "https://www.21vek.by/cooling_fans/minuspad830x30x05tgmp83030051r_thermalgrizzly.html", "price": "42.87"}, {"name": "\u0412\u0435\u043d\u0442\u0438\u043b\u044f\u0442\u043e\u0440 \u0434\u043b\u044f \u043a\u043e\u0440\u043f\u0443\u0441\u0430 Deepcool GS120 (DPGS-FGS-GS120)", "url_img": "https://cdn21vek.by/img/galleries/1159/203/preview/gs120dpgsfgsgs120_deepcool_5da0817d07227.jpeg", "url_product": "https://www.21vek.by/cooling_fans/gs120dpgsfgsgs120_deepcool.html", "price": "32.58"}, {"name": "\u041a\u0443\u043b\u0435\u0440 \u0434\u043b\u044f \u043f\u0440\u043e\u0446\u0435\u0441\u0441\u043e\u0440\u0430 ID-Cooling SE-224-XTS White", "url_img": "https://cdn21vek.by/img/galleries/7873/673/preview/se224xtswhite_idcooling_637d0e9b3de66.jpeg", "url_product": "https://www.21vek.by/cooling_fans/se224xtswhite_idcooling.html", "price": "70.88"}, {"name": "\u0422\u0435\u0440\u043c\u043e\u043f\u0440\u043e\u043a\u043b\u0430\u0434\u043a\u0430 Deepcool R-EK720-GYXS10-G-1 (120x20x1)", "url_img": "https://cdn21vek.by/img/galleries/7225/899/preview/rek720gyxs10g1_deepcool_624adb25c2fa4.jpeg", "url_product": "https://www.21vek.by/cooling_fans/rek720gyxs10g1_deepcool.html", "price": "36.93"}, {"name": "\u0420\u0430\u0434\u0438\u0430\u0442\u043e\u0440 \u0434\u043b\u044f SSD Be quiet! MC1 PRO (BZ003)", "url_img": "https://cdn21vek.by/img/galleries/6683/728/preview/mc1probz003_be_quiet_6182853cecb51.jpeg", "url_product": "https://www.21vek.by/cooling_fans/mc1probz003_be_quiet.html", "price": "63.96"}, {"name": "\u041a\u0443\u043b\u0435\u0440 \u0434\u043b\u044f \u043f\u0440\u043e\u0446\u0435\u0441\u0441\u043e\u0440\u0430 Deepcool AG400 BK ARGB (R-AG400-BKANMC-G-2)", "url_img": "https://cdn21vek.by/img/galleries/7970/656/preview/ag400bkargbrag400bkanmcg2_deepcool_639cac423c7f8.jpeg", "url_product": "https://www.21vek.by/cooling_fans/ag400bkargbrag400bkanmcg2_deepcool.html", "price": "110.66"}, {"name": "\u0412\u0435\u043d\u0442\u0438\u043b\u044f\u0442\u043e\u0440 \u0434\u043b\u044f \u043a\u043e\u0440\u043f\u0443\u0441\u0430 AeroCool Rev Red", "url_img": "https://cdn21vek.by/img/galleries/5701/308/preview/revred_aerocool_6005691bd2b74.jpeg", "url_product": "https://www.21vek.by/cooling_fans/revred_aerocool.html", "price": "24.74"}, {"name": "\u041a\u0443\u043b\u0435\u0440 \u0434\u043b\u044f \u043f\u0440\u043e\u0446\u0435\u0441\u0441\u043e\u0440\u0430 ID-Cooling SE-214-XT ARGB (\u0431\u0435\u043b\u044b\u0439)", "url_img": "https://cdn21vek.by/img/galleries/7560/409/preview/se214xtargb_idcooling_62da5344904c6.jpeg", "url_product": "https://www.21vek.by/cooling_fans/se214xtargb_idcooling.html", "price": "64.20"}, {"name": "\u0422\u0435\u0440\u043c\u043e\u043f\u0440\u043e\u043a\u043b\u0430\u0434\u043a\u0430 Arctic Thermal Pad 145x145x1 (ACTPD00005A)", "url_img": "https://cdn21vek.by/img/galleries/6004/21/preview/thermalpad145x145x1actpd00005a_arctic_5ef0baa18cc04.jpeg", "url_product": "https://www.21vek.by/cooling_fans/thermalpad145x145x1actpd00005a_arctic.html", "price": "66.10"}, {"name": "\u041a\u0443\u043b\u0435\u0440 \u0434\u043b\u044f \u043f\u0440\u043e\u0446\u0435\u0441\u0441\u043e\u0440\u0430 Zalman Optima CNPS9X", "url_img": "https://cdn21vek.by/img/galleries/723/934/preview/optimacnps9x_zalman_5da08f0f433fc.jpeg", "url_product": "https://www.21vek.by/cooling_fans/optimacnps9x_zalman.html", "price": "99.15"}, {"name": "\u0412\u0435\u043d\u0442\u0438\u043b\u044f\u0442\u043e\u0440 \u0434\u043b\u044f \u043a\u043e\u0440\u043f\u0443\u0441\u0430 Deepcool TF120S White (DP-GS-H12FDB-TF120S-WH)", "url_img": "https://cdn21vek.by/img/galleries/6025/84/preview/tf120swhitedpgsh12fdbtf120swh_deepcool_5ef35594e3f27.jpeg", "url_product": "https://www.21vek.by/cooling_fans/tf120swhitedpgsh12fdbtf120swh_deepcool.html", "price": "37.39"}, {"name": "\u041a\u0443\u043b\u0435\u0440 \u0434\u043b\u044f \u043f\u0440\u043e\u0446\u0435\u0441\u0441\u043e\u0440\u0430 PCCooler GI-X6B", "url_img": "https://cdn21vek.by/img/galleries/5967/324/preview/gix6b_pccooler_5e8c84497352a.jpeg", "url_product": "https://www.21vek.by/cooling_fans/gix6b_pccooler.html", "price": "73.65"}, {"name": "\u041a\u0443\u043b\u0435\u0440 \u0434\u043b\u044f \u043f\u0440\u043e\u0446\u0435\u0441\u0441\u043e\u0440\u0430 Xilence XC035 (A250PWM)", "url_img": "https://cdn21vek.by/img/galleries/463/35/preview/xc035a250pwm_xilence_5953bc0d19e4c.jpeg", "url_product": "https://www.21vek.by/cooling_fans/xc035a250pwm_xilence.html", "price": "33.12"}, {"name": "\u041a\u0443\u043b\u0435\u0440 \u0434\u043b\u044f \u043f\u0440\u043e\u0446\u0435\u0441\u0441\u043e\u0440\u0430 ID-Cooling SE-223 Basic", "url_img": "https://cdn21vek.by/img/galleries/6747/975/preview/se223basic_idcooling_61235f6f6e634.jpeg", "url_product": "https://www.21vek.by/cooling_fans/se223basic_idcooling.html", "price": "64.35"}, {"name": "\u041a\u0443\u043b\u0435\u0440 \u0434\u043b\u044f \u043f\u0440\u043e\u0446\u0435\u0441\u0441\u043e\u0440\u0430 PCCooler GI-X5B", "url_img": "https://cdn21vek.by/img/galleries/5967/322/preview/gix5b_pccooler_5e8c8388d9362.jpeg", "url_product": "https://www.21vek.by/cooling_fans/gix5b_pccooler.html", "price": "80.82"}, {"name": "\u0412\u0435\u043d\u0442\u0438\u043b\u044f\u0442\u043e\u0440 \u0434\u043b\u044f \u043a\u043e\u0440\u043f\u0443\u0441\u0430 Cooler Master Sickleflow 120 (MFX-B2NN-18NPK-R1)", "url_img": "https://cdn21vek.by/img/galleries/7187/548/preview/sickleflow120mfxb2nn18npkr1_cooler_master_62f65244a6363.jpeg", "url_product": "https://www.21vek.by/cooling_fans/sickleflow120mfxb2nn18npkr1_cooler_master.html", "price": "32.80"}, {"name": "\u041a\u0443\u043b\u0435\u0440 \u0434\u043b\u044f \u043f\u0440\u043e\u0446\u0435\u0441\u0441\u043e\u0440\u0430 Deepcool AG620 BK ARGB (R-AG620-BKANMN-G-2)", "url_img": "https://cdn21vek.by/img/galleries/7971/220/preview/ag620bkargbrag620bkanmng2_deepcool_639cb3738f6e4.jpeg", "url_product": "https://www.21vek.by/cooling_fans/ag620bkargbrag620bkanmng2_deepcool.html", "price": "220.97"}, {"name": "\u041a\u0443\u043b\u0435\u0440 \u0434\u043b\u044f \u043f\u0440\u043e\u0446\u0435\u0441\u0441\u043e\u0440\u0430 ID-Cooling SE-207-XT Black", "url_img": "https://cdn21vek.by/img/galleries/6747/960/preview/se207xtblack_idcooling_611fbef22c165.jpeg", "url_product": "https://www.21vek.by/cooling_fans/se207xtblack_idcooling.html", "price": "152.26"}, {"name": "\u041a\u0443\u043b\u0435\u0440 \u0434\u043b\u044f \u043f\u0440\u043e\u0446\u0435\u0441\u0441\u043e\u0440\u0430 Be quiet! Dark Rock Pro 4 250W (BK022)", "url_img": "https://cdn21vek.by/img/galleries/5955/33/preview/darkrockpro4250wbk022_be_quiet_5e848378832b0.jpeg", "url_product": "https://www.21vek.by/cooling_fans/darkrockpro4250wbk022_be_quiet.html", "price": "338.15"}, {"name": "\u041a\u0443\u043b\u0435\u0440 \u0434\u043b\u044f \u043f\u0440\u043e\u0446\u0435\u0441\u0441\u043e\u0440\u0430 Deepcool GammaXX 300R (DP-MCH3-GMX300RD)", "url_img": "https://cdn21vek.by/img/galleries/863/641/preview/gammaxx300rdpmch3gmx300rd_deepcool_5d7a47a54ebd5.jpeg", "url_product": "https://www.21vek.by/cooling_fans/gammaxx300rdpmch3gmx300rd_deepcool.html", "price": "61.54"}, {"name": "\u041a\u0443\u043b\u0435\u0440 \u0434\u043b\u044f \u043f\u0440\u043e\u0446\u0435\u0441\u0441\u043e\u0440\u0430 ID-Cooling SE-226-XT Black", "url_img": "https://cdn21vek.by/img/galleries/65577/462/preview/se226xtblack_idcooling_61b7729cce9d9.jpeg", "url_product": "https://www.21vek.by/cooling_fans/se226xtblack_idcooling.html", "price": "123.36"}, {"name": "\u0412\u0435\u043d\u0442\u0438\u043b\u044f\u0442\u043e\u0440 \u0434\u043b\u044f \u043a\u043e\u0440\u043f\u0443\u0441\u0430 Gembird D50BM-12AS", "url_img": "https://cdn21vek.by/img/galleries/65507/288/preview/d50bm12as_gembird_6310b49027e7e.jpeg", "url_product": "https://www.21vek.by/cooling_fans/d50bm12as_gembird.html", "price": "11.29"}, {"name": "\u041a\u0443\u043b\u0435\u0440 \u0434\u043b\u044f \u043f\u0440\u043e\u0446\u0435\u0441\u0441\u043e\u0440\u0430 ID-Cooling SE-207-XT Advanced", "url_img": "https://cdn21vek.by/img/galleries/7569/418/preview/se207xtadvanced_idcooling_630f14e6b3b44.jpeg", "url_product": "https://www.21vek.by/cooling_fans/se207xtadvanced_idcooling.html", "price": "219.50"}, {"name": "\u041a\u0443\u043b\u0435\u0440 \u0434\u043b\u044f \u043f\u0440\u043e\u0446\u0435\u0441\u0441\u043e\u0440\u0430 AeroCool Verkho 5 Dark", "url_img": "https://cdn21vek.by/img/galleries/1143/373/preview/verkho5dark_aerocool_5da0ac5db4016.jpeg", "url_product": "https://www.21vek.by/cooling_fans/verkho5dark_aerocool.html", "price": "128.33"}, {"name": "\u041a\u0443\u043b\u0435\u0440 \u0434\u043b\u044f \u043f\u0440\u043e\u0446\u0435\u0441\u0441\u043e\u0440\u0430 Cooler Master MasterAir MA410P / MAP-T4PN-220PC-R1", "url_img": "https://cdn21vek.by/img/galleries/660/597/preview/mapt4pn220pcr1_cooler_master_5b71adc46131f.jpeg", "url_product": "https://www.21vek.by/cooling_fans/mapt4pn220pcr1_cooler_master.html", "price": "138.63"}, {"name": "\u041a\u0443\u043b\u0435\u0440 \u0434\u043b\u044f \u043f\u0440\u043e\u0446\u0435\u0441\u0441\u043e\u0440\u0430 Xilence Performance A+ LiQuRizer 240 White (LQ240.W.ARGB)", "url_img": "https://cdn21vek.by/img/galleries/6349/636/preview/performancealiqurizer240whitelq240wargb_xilence_60228faf628b7.jpeg", "url_product": "https://www.21vek.by/cooling_fans/performancealiqurizer240whitelq240wargb_xilence.html", "price": "426.37"}, {"name": "\u041a\u0443\u043b\u0435\u0440 \u0434\u043b\u044f \u043f\u0440\u043e\u0446\u0435\u0441\u0441\u043e\u0440\u0430 Be quiet! Dark Rock 4 200W (BK021)", "url_img": "https://cdn21vek.by/img/galleries/5964/107/preview/darkrock4200wbk021_be_quiet_5e8b413da4bbe.jpeg", "url_product": "https://www.21vek.by/cooling_fans/darkrock4200wbk021_be_quiet.html", "price": "335.94"}, {"name": "\u041a\u0443\u043b\u0435\u0440 \u0434\u043b\u044f \u043f\u0440\u043e\u0446\u0435\u0441\u0441\u043e\u0440\u0430 PCCooler GI-X5B V2", "url_img": "https://cdn21vek.by/img/galleries/6791/294/preview/gix5bv2_pccooler_6123b7a209b48.jpeg", "url_product": "https://www.21vek.by/cooling_fans/gix5bv2_pccooler.html", "price": "65.94"}, {"name": "\u0422\u0435\u0440\u043c\u043e\u043f\u0440\u043e\u043a\u043b\u0430\u0434\u043a\u0430 Thermal Grizzly Carbonaut 32x32x0.2 / TG-CA-32-32-02-R", "url_img": "https://cdn21vek.by/img/galleries/7569/471/preview/carbonaut32x32x02tgca323202r_thermalgrizzly_62daa47e5a5af.jpeg", "url_product": "https://www.21vek.by/cooling_fans/carbonaut32x32x02tgca323202r_thermalgrizzly.html", "price": "81.56"}, {"name": "\u041a\u0443\u043b\u0435\u0440 \u0434\u043b\u044f \u043f\u0440\u043e\u0446\u0435\u0441\u0441\u043e\u0440\u0430 Arctic Cooling Freezer 34 eSports Duo Red (ACFRE00060A)", "url_img": "https://cdn21vek.by/img/galleries/5739/3/preview/coolingfreezer34esportsduored_arctic_600e6319896aa.jpeg", "url_product": "https://www.21vek.by/cooling_fans/coolingfreezer34esportsduored_arctic.html", "price": "197.29"}, {"name": "\u0412\u0435\u043d\u0442\u0438\u043b\u044f\u0442\u043e\u0440 \u0434\u043b\u044f \u043a\u043e\u0440\u043f\u0443\u0441\u0430 Xilence XF050 (XPF140.R)", "url_img": "https://cdn21vek.by/img/galleries/463/43/preview/xf050xpf140r_xilence_5953c70c6c9ec.jpeg", "url_product": "https://www.21vek.by/cooling_fans/xf050xpf140r_xilence.html", "price": "19.04"}, {"name": "\u041a\u0443\u043b\u0435\u0440 \u0434\u043b\u044f \u043f\u0440\u043e\u0446\u0435\u0441\u0441\u043e\u0440\u0430 Deepcool Gamma Archer BigPro", "url_img": "https://cdn21vek.by/img/galleries/674/971/preview/gammaarcherbigpro_deepcool_5b8e4c8a7d49d.jpeg", "url_product": "https://www.21vek.by/cooling_fans/gammaarcherbigpro_deepcool.html", "price": "53.89"}, {"name": "\u041a\u0443\u043b\u0435\u0440 \u0434\u043b\u044f \u043f\u0440\u043e\u0446\u0435\u0441\u0441\u043e\u0440\u0430 Zalman CNPS10X Performa+", "url_img": "https://cdn21vek.by/img/galleries/451/190/preview/cnps10xperforma_zalman_590a448575fc9.jpeg", "url_product": "https://www.21vek.by/cooling_fans/cnps10xperforma_zalman.html", "price": "163.59"}, {"name": "\u041a\u0443\u043b\u0435\u0440 \u0434\u043b\u044f \u043f\u0440\u043e\u0446\u0435\u0441\u0441\u043e\u0440\u0430 Arctic Cooling Liquid Freezer II 240 RGB (ACFRE00098A)", "url_img": "https://cdn21vek.by/img/galleries/6633/317/preview/coolingliquidfreezerii240rgbacfre00098a_arctic_60d3472446496.jpeg", "url_product": "https://www.21vek.by/cooling_fans/coolingliquidfreezerii240rgbacfre00098a_arctic.html", "price": "443.07"}, {"name": "\u041a\u0443\u043b\u0435\u0440 \u0434\u043b\u044f \u043f\u0440\u043e\u0446\u0435\u0441\u0441\u043e\u0440\u0430 Xilence XC232 / I350PWM", "url_img": "https://cdn21vek.by/img/galleries/7978/661/preview/xc232i350pwm_xilence_63e12813e1e55.jpeg", "url_product": "https://www.21vek.by/cooling_fans/xc232i350pwm_xilence.html", "price": "47.52"}, {"name": "\u041a\u0443\u043b\u0435\u0440 \u0434\u043b\u044f \u043f\u0440\u043e\u0446\u0435\u0441\u0441\u043e\u0440\u0430 PCCooler Paladin 400", "url_img": "https://cdn21vek.by/img/galleries/65577/999/preview/paladin400_pccooler_61a63386a6ff1.jpeg", "url_product": "https://www.21vek.by/cooling_fans/paladin400_pccooler.html", "price": "88.42"}, {"name": "\u041a\u0443\u043b\u0435\u0440 \u0434\u043b\u044f \u043f\u0440\u043e\u0446\u0435\u0441\u0441\u043e\u0440\u0430 Deepcool GammaXX 400 V2 Blue (DP-MCH4-GMX400V2-BL)", "url_img": "https://cdn21vek.by/img/galleries/6001/890/preview/gammaxx400v2bluedpmch4gmx400v2bl_deepcool_5ef0ec77cbc30.jpeg", "url_product": "https://www.21vek.by/cooling_fans/gammaxx400v2bluedpmch4gmx400v2bl_deepcool.html", "price": "88.65"}, {"name": "\u041a\u0443\u043b\u0435\u0440 \u0434\u043b\u044f \u043f\u0440\u043e\u0446\u0435\u0441\u0441\u043e\u0440\u0430 ID-Cooling SE-234-ARGB V2", "url_img": "https://cdn21vek.by/img/galleries/7560/443/preview/se234argbv2_idcooling_62f6484fe53f3.jpeg", "url_product": "https://www.21vek.by/cooling_fans/se234argbv2_idcooling.html", "price": "147.41"}, {"name": "\u041a\u0443\u043b\u0435\u0440 \u0434\u043b\u044f \u043f\u0440\u043e\u0446\u0435\u0441\u0441\u043e\u0440\u0430 ID-Cooling SE-225-XT Black", "url_img": "https://cdn21vek.by/img/galleries/6748/56/preview/se225xtblack_idcooling_61237f91357f6.jpeg", "url_product": "https://www.21vek.by/cooling_fans/se225xtblack_idcooling.html", "price": "160.60"}, {"name": "\u041a\u0443\u043b\u0435\u0440 \u0434\u043b\u044f \u043f\u0440\u043e\u0446\u0435\u0441\u0441\u043e\u0440\u0430 ID-Cooling SE-226-XT ARGB", "url_img": "https://cdn21vek.by/img/galleries/65577/464/preview/se226xtargb_idcooling_61b773fc3fc8b.jpeg", "url_product": "https://www.21vek.by/cooling_fans/se226xtargb_idcooling.html", "price": "135.57"}, {"name": "\u041a\u0443\u043b\u0435\u0440 \u0434\u043b\u044f \u043f\u0440\u043e\u0446\u0435\u0441\u0441\u043e\u0440\u0430 AeroCool Verkho A-3P", "url_img": "https://cdn21vek.by/img/galleries/675/25/preview/verkhoa3p_aerocool_5b9a39236e61b.jpeg", "url_product": "https://www.21vek.by/cooling_fans/verkhoa3p_aerocool.html", "price": "61.36"}, {"name": "\u0412\u0435\u043d\u0442\u0438\u043b\u044f\u0442\u043e\u0440 \u0434\u043b\u044f \u043a\u043e\u0440\u043f\u0443\u0441\u0430 AeroCool Rev Blue", "url_img": "https://cdn21vek.by/img/galleries/5690/889/preview/revblue_aerocool_6006a41b92391.jpeg", "url_product": "https://www.21vek.by/cooling_fans/revblue_aerocool.html", "price": "32.22"}, {"name": "\u041a\u0443\u043b\u0435\u0440 \u0434\u043b\u044f \u043f\u0440\u043e\u0446\u0435\u0441\u0441\u043e\u0440\u0430 ID-Cooling SE-902-SD V2", "url_img": "https://cdn21vek.by/img/galleries/7701/467/preview/se902sdv2_idcooling_630f195038b3f.jpeg", "url_product": "https://www.21vek.by/cooling_fans/se902sdv2_idcooling.html", "price": "35.64"}, {"name": "\u0412\u0435\u043d\u0442\u0438\u043b\u044f\u0442\u043e\u0440 \u0434\u043b\u044f \u043a\u043e\u0440\u043f\u0443\u0441\u0430 AeroCool Rev RGB", "url_img": "https://cdn21vek.by/img/galleries/6339/153/preview/revrgb_aerocool_600fc08fa10c9.jpeg", "url_product": "https://www.21vek.by/cooling_fans/revrgb_aerocool.html", "price": "49.77"}, {"name": "\u041a\u0443\u043b\u0435\u0440 \u0434\u043b\u044f \u043f\u0440\u043e\u0446\u0435\u0441\u0441\u043e\u0440\u0430 Deepcool GammaXX 400 V2 Red (DP-MCH4-GMX400V2-RD)", "url_img": "https://cdn21vek.by/img/galleries/5932/650/preview/gammaxx400v2reddpmch4gmx400v2rd_deepcool_5e722d6609bcf.jpeg", "url_product": "https://www.21vek.by/cooling_fans/gammaxx400v2reddpmch4gmx400v2rd_deepcool.html", "price": "88.65"}, {"name": "\u041a\u0443\u043b\u0435\u0440 \u0434\u043b\u044f \u043f\u0440\u043e\u0446\u0435\u0441\u0441\u043e\u0440\u0430 Be quiet! Pure Rock 2 150W (BK006)", "url_img": "https://cdn21vek.by/img/galleries/6086/799/preview/purerock2150w_be_quiet_5f1ab27008101.jpeg", "url_product": "https://www.21vek.by/cooling_fans/purerock2150w_be_quiet.html", "price": "152.29"}, {"name": "\u041a\u0443\u043b\u0435\u0440 \u0434\u043b\u044f \u043f\u0440\u043e\u0446\u0435\u0441\u0441\u043e\u0440\u0430 PCCooler GI-X5R V2", "url_img": "https://cdn21vek.by/img/galleries/6791/297/preview/gix5rv2_pccooler_6123b878e7c70.jpeg", "url_product": "https://www.21vek.by/cooling_fans/gix5rv2_pccooler.html", "price": "77.38"}, {"name": "\u041a\u0443\u043b\u0435\u0440 \u0434\u043b\u044f \u043f\u0440\u043e\u0446\u0435\u0441\u0441\u043e\u0440\u0430 ID-Cooling SE-224-XT ARGB V3", "url_img": "https://cdn21vek.by/img/galleries/7560/416/preview/se224xtargbv3_idcooling_630f1cfd43b11.jpeg", "url_product": "https://www.21vek.by/cooling_fans/se224xtargbv3_idcooling.html", "price": "107.09"}, {"name": "\u041a\u0443\u043b\u0435\u0440 \u0434\u043b\u044f \u043f\u0440\u043e\u0446\u0435\u0441\u0441\u043e\u0440\u0430 ID-Cooling DK-17 PWM", "url_img": "https://cdn21vek.by/img/galleries/7569/404/preview/dk17pwm_idcooling_630f129094d37.jpeg", "url_product": "https://www.21vek.by/cooling_fans/dk17pwm_idcooling.html", "price": "21.24"}, {"name": "\u041a\u0443\u043b\u0435\u0440 \u0434\u043b\u044f \u043f\u0440\u043e\u0446\u0435\u0441\u0441\u043e\u0440\u0430 PCCooler E126MB", "url_img": "https://cdn21vek.by/img/galleries/6230/671/preview/e126mb_pccooler_602ba40ba208f.jpeg", "url_product": "https://www.21vek.by/cooling_fans/e126mb_pccooler.html", "price": "34.47"}, {"name": "\u0412\u0435\u043d\u0442\u0438\u043b\u044f\u0442\u043e\u0440 \u0434\u043b\u044f \u043a\u043e\u0440\u043f\u0443\u0441\u0430 Be quiet! Pure Wings 2 140mm (BL082)", "url_img": "https://cdn21vek.by/img/galleries/6316/393/preview/purewings2140mmbl082_be_quiet_5fe998dbe1f32.jpeg", "url_product": "https://www.21vek.by/cooling_fans/purewings2140mmbl082_be_quiet.html", "price": "59.67"}, {"name": "\u041a\u0443\u043b\u0435\u0440 \u0434\u043b\u044f \u043f\u0440\u043e\u0446\u0435\u0441\u0441\u043e\u0440\u0430 Arctic Cooling Freezer A13 X (ACFRE00083A)", "url_img": "https://cdn21vek.by/img/galleries/6450/245/preview/coolingfreezera13xacfre00083a_arctic_6066cad8557a9.jpeg", "url_product": "https://www.21vek.by/cooling_fans/coolingfreezera13xacfre00083a_arctic.html", "price": "92.93"}, {"name": "\u041a\u0443\u043b\u0435\u0440 \u0434\u043b\u044f \u043f\u0440\u043e\u0446\u0435\u0441\u0441\u043e\u0440\u0430 Deepcool AK400 (R-AK400-BKNNMN-G-1)", "url_img": "https://cdn21vek.by/img/galleries/7542/505/preview/ak400rak400bknnmng1_deepcool_62de7fef29713.jpeg", "url_product": "https://www.21vek.by/cooling_fans/ak400rak400bknnmng1_deepcool.html", "price": "115.40"}, {"name": "\u041a\u0443\u043b\u0435\u0440 \u0434\u043b\u044f \u043f\u0440\u043e\u0446\u0435\u0441\u0441\u043e\u0440\u0430 Xilence LiQuRizer Redwing 360 ARGB LQ360 (XC980)", "url_img": "https://cdn21vek.by/img/galleries/7259/367/preview/liqurizerredwing360argblq360xc980_xilence_6267dd6ae1a59.jpeg", "url_product": "https://www.21vek.by/cooling_fans/liqurizerredwing360argblq360xc980_xilence.html", "price": "382.54"}, {"name": "\u0422\u0435\u0440\u043c\u043e\u043f\u0440\u043e\u043a\u043b\u0430\u0434\u043a\u0430 Thermal Grizzly Minus Pad 8 120x20x0.5 / TG-MP8-120-20-05-1R", "url_img": "https://cdn21vek.by/img/galleries/7225/696/preview/minuspad8120x20x05tgmp812020051r_thermalgrizzly_62a1dc711628b.jpeg", "url_product": "https://www.21vek.by/cooling_fans/minuspad8120x20x05tgmp812020051r_thermalgrizzly.html", "price": "54.50"}, {"name": "\u0422\u0435\u0440\u043c\u043e\u043f\u0440\u043e\u043a\u043b\u0430\u0434\u043a\u0430 Deepcool EK720-XL-1.0 / R-EK720-GYXL10-G-1 (120x120x1)", "url_img": "https://cdn21vek.by/img/galleries/7293/950/preview/ek720xl10rek720gyxl10g1_deepcool_6267acf878e1f.jpeg", "url_product": "https://www.21vek.by/cooling_fans/ek720xl10rek720gyxl10g1_deepcool.html", "price": "71.33"}, {"name": "\u041a\u0443\u043b\u0435\u0440 \u0434\u043b\u044f \u043f\u0440\u043e\u0446\u0435\u0441\u0441\u043e\u0440\u0430 ID-Cooling SE-224-XTS ARGB White", "url_img": "https://cdn21vek.by/img/galleries/7873/666/preview/se224xtsargbwhite_idcooling_637d0cf5121e8.jpeg", "url_product": "https://www.21vek.by/cooling_fans/se224xtsargbwhite_idcooling.html", "price": "82.75"}, {"name": "\u041a\u0443\u043b\u0435\u0440 \u0434\u043b\u044f \u043f\u0440\u043e\u0446\u0435\u0441\u0441\u043e\u0440\u0430 Arctic Cooling Freezer 50 (ACFRE00065A)", "url_img": "https://cdn21vek.by/img/galleries/6450/262/preview/coolingfreezer50acfre00065a_arctic_6066d2271586d.jpeg", "url_product": "https://www.21vek.by/cooling_fans/coolingfreezer50acfre00065a_arctic.html", "price": "186.56"}, {"name": "\u041a\u0443\u043b\u0435\u0440 \u0434\u043b\u044f \u043f\u0440\u043e\u0446\u0435\u0441\u0441\u043e\u0440\u0430 Be quiet! Dark Rock Slim 180W (BK024)", "url_img": "https://cdn21vek.by/img/galleries/5965/227/preview/darkrockslim180wbk024_be_quiet_5e8b469aa9b2a.jpeg", "url_product": "https://www.21vek.by/cooling_fans/darkrockslim180wbk024_be_quiet.html", "price": "292.84"}, {"name": "\u041a\u0443\u043b\u0435\u0440 \u0434\u043b\u044f \u043f\u0440\u043e\u0446\u0435\u0441\u0441\u043e\u0440\u0430 Arctic Cooling Freezer 50 ARGB (ACFRE00080A)", "url_img": "https://cdn21vek.by/img/galleries/6450/265/preview/coolingfreezer50argbacfre00080a_arctic_6066cf4425b65.jpeg", "url_product": "https://www.21vek.by/cooling_fans/coolingfreezer50argbacfre00080a_arctic.html", "price": "322.97"}, {"name": "\u041a\u0443\u043b\u0435\u0440 \u0434\u043b\u044f \u043f\u0440\u043e\u0446\u0435\u0441\u0441\u043e\u0440\u0430 Arctic Cooling Liquid Freezer II ARGB (ACFRE00106A)", "url_img": "https://cdn21vek.by/img/galleries/7705/959/preview/coolingliquidfreezeriiargbacfre00106a_arctic_6310a506329eb.jpeg", "url_product": "https://www.21vek.by/cooling_fans/coolingliquidfreezeriiargbacfre00106a_arctic.html", "price": "484.67"}, {"name": "\u041a\u0443\u043b\u0435\u0440 \u0434\u043b\u044f \u043f\u0440\u043e\u0446\u0435\u0441\u0441\u043e\u0440\u0430 Deepcool Theta 15 PWM (DP-ICAS-T15)", "url_img": "https://cdn21vek.by/img/galleries/451/183/preview/theta15pwmdpicast15_deepcool_590a30a0ad851.jpeg", "url_product": "https://www.21vek.by/cooling_fans/theta15pwmdpicast15_deepcool.html", "price": "25.71"}, {"name": "\u0412\u0435\u043d\u0442\u0438\u043b\u044f\u0442\u043e\u0440 \u0434\u043b\u044f \u043a\u043e\u0440\u043f\u0443\u0441\u0430 HP ML30 Gen9 Front PCI Fan Kit (820290-B21)", "url_img": "https://cdn21vek.by/img/galleries/5925/336/preview/ml30gen9frontpcifankit820290b21_hp_5e7b39fed0c0a.jpeg", "url_product": "https://www.21vek.by/cooling_fans/ml30gen9frontpcifankit820290b21_hp.html", "price": "26.65"}, {"name": "\u0412\u0435\u043d\u0442\u0438\u043b\u044f\u0442\u043e\u0440 \u0434\u043b\u044f \u043a\u043e\u0440\u043f\u0443\u0441\u0430 Inter-Tech F-39 LED RGB 120mm", "url_img": "https://cdn21vek.by/img/galleries/6054/453/preview/f39ledrgb120mm_inter_tech_5efd9f215b14f.jpeg", "url_product": "https://www.21vek.by/cooling_fans/f39ledrgb120mm_inter_tech.html", "price": "30.59"}, {"name": "\u0412\u0435\u043d\u0442\u0438\u043b\u044f\u0442\u043e\u0440 \u0434\u043b\u044f \u043a\u043e\u0440\u043f\u0443\u0441\u0430 Rexant RQA 12038HST / 72-6121", "url_img": "https://cdn21vek.by/img/galleries/1103/105/preview/rqa12038hst726121_rexant_5da09e723ebcc.jpeg", "url_product": "https://www.21vek.by/cooling_fans/rqa12038hst726121_rexant.html", "price": "36.43"}, {"name": "\u041a\u0443\u043b\u0435\u0440 \u0434\u043b\u044f \u043f\u0440\u043e\u0446\u0435\u0441\u0441\u043e\u0440\u0430 Zalman CNPS90F", "url_img": "https://cdn21vek.by/img/galleries/452/604/preview/cnps90f_zalman_59133a3b3556b.jpeg", "url_product": "https://www.21vek.by/cooling_fans/cnps90f_zalman.html", "price": "36.56"}, {"name": "\u0422\u0435\u0440\u043c\u043e\u043f\u0440\u043e\u043a\u043b\u0430\u0434\u043a\u0430 Thermal Grizzly Minus Pad 8 30x30x1.5 / TG-MP8-30-30-15-1R", "url_img": "https://cdn21vek.by/img/galleries/7569/476/preview/minuspad830x30x15tgmp83030151r_thermalgrizzly_62daa743ac7e0.jpeg", "url_product": "https://www.21vek.by/cooling_fans/minuspad830x30x15tgmp83030151r_thermalgrizzly.html", "price": "49.66"}, {"name": "\u0412\u0435\u043d\u0442\u0438\u043b\u044f\u0442\u043e\u0440 \u0434\u043b\u044f \u043a\u043e\u0440\u043f\u0443\u0441\u0430 Arctic P12 PWM PST RGB 0dB (ACFAN00186A)", "url_img": "https://cdn21vek.by/img/galleries/6597/891/preview/p12pwmpstrgb0dbacfan00186a_arctic_60c30dc7e6494.jpeg", "url_product": "https://www.21vek.by/cooling_fans/p12pwmpstrgb0dbacfan00186a_arctic.html", "price": "50.56"}, {"name": "\u041a\u0443\u043b\u0435\u0440 \u0434\u043b\u044f \u043f\u0440\u043e\u0446\u0435\u0441\u0441\u043e\u0440\u0430 Deepcool AG200 (R-AG200-BKNNMN-G)", "url_img": "https://cdn21vek.by/img/galleries/7971/223/preview/ag200rag200bknnmng_deepcool_639cae1eacba6.jpeg", "url_product": "https://www.21vek.by/cooling_fans/ag200rag200bknnmng_deepcool.html", "price": "56.92"}, {"name": "\u041a\u0443\u043b\u0435\u0440 \u0434\u043b\u044f \u043f\u0440\u043e\u0446\u0435\u0441\u0441\u043e\u0440\u0430 ID-Cooling IS-27i", "url_img": "https://cdn21vek.by/img/galleries/6931/209/preview/is27i_idcooling_6157044decab9.jpeg", "url_product": "https://www.21vek.by/cooling_fans/is27i_idcooling.html", "price": "58.95"}, {"name": "\u041a\u0443\u043b\u0435\u0440 \u0434\u043b\u044f \u043f\u0440\u043e\u0446\u0435\u0441\u0441\u043e\u0440\u0430 ID-Cooling IS-30", "url_img": "https://cdn21vek.by/img/galleries/6004/835/preview/is30_idcooling_5ef356a84a039.jpeg", "url_product": "https://www.21vek.by/cooling_fans/is30_idcooling.html", "price": "64.60"}, {"name": "\u041a\u0443\u043b\u0435\u0440 \u0434\u043b\u044f \u043f\u0440\u043e\u0446\u0435\u0441\u0441\u043e\u0440\u0430 PCCooler GI-X3B V2", "url_img": "https://cdn21vek.by/img/galleries/6791/323/preview/gix3bv2_pccooler_6123b3f221dff.jpeg", "url_product": "https://www.21vek.by/cooling_fans/gix3bv2_pccooler.html", "price": "68.94"}, {"name": "\u0422\u0435\u0440\u043c\u043e\u043f\u0440\u043e\u043a\u043b\u0430\u0434\u043a\u0430 Thermal Grizzly Minus Pad 8 120x20x1.5 / TG-MP8-120-20-15-1R", "url_img": "https://cdn21vek.by/img/galleries/7527/597/preview/minuspad8120x20x15tgmp812020151r_thermalgrizzly_62a1dd272c52f.jpeg", "url_product": "https://www.21vek.by/cooling_fans/minuspad8120x20x15tgmp812020151r_thermalgrizzly.html", "price": "72.08"}, {"name": "\u0412\u0435\u043d\u0442\u0438\u043b\u044f\u0442\u043e\u0440 \u0434\u043b\u044f \u043a\u043e\u0440\u043f\u0443\u0441\u0430 Be quiet! Pure Wings 2 120mm / BL084", "url_img": "https://cdn21vek.by/img/galleries/7701/531/preview/purewings2120mmbl084_be_quiet_6310a89d39d6a.jpeg", "url_product": "https://www.21vek.by/cooling_fans/purewings2120mmbl084_be_quiet.html", "price": "73.62"}, {"name": "\u041a\u0443\u043b\u0435\u0440 \u0434\u043b\u044f \u043f\u0440\u043e\u0446\u0435\u0441\u0441\u043e\u0440\u0430 Arctic Cooling Freezer 7 X (ACFRE00077A)", "url_img": "https://cdn21vek.by/img/galleries/6035/82/preview/coolingfreezer7xacfre00077a_arctic_5ef0b02c39b1d.jpeg", "url_product": "https://www.21vek.by/cooling_fans/coolingfreezer7xacfre00077a_arctic.html", "price": "74.88"}, {"name": "\u041a\u0443\u043b\u0435\u0440 \u0434\u043b\u044f \u043f\u0440\u043e\u0446\u0435\u0441\u0441\u043e\u0440\u0430 Arctic Cooling Freezer 7 X CO (ACFRE00085A)", "url_img": "https://cdn21vek.by/img/galleries/6035/75/preview/coolingfreezer7xcoacfre00085a_arctic_5ef0b4450d4fb.jpeg", "url_product": "https://www.21vek.by/cooling_fans/coolingfreezer7xcoacfre00085a_arctic.html", "price": "86.09"}, {"name": "\u0422\u0435\u0440\u043c\u043e\u043f\u0440\u043e\u043a\u043b\u0430\u0434\u043a\u0430 Thermal Grizzly Minus Pad 8 120x20x0.5 / TG-MP8-120-20-05-2R (2\u0448\u0442)", "url_img": "https://cdn21vek.by/img/galleries/7569/467/preview/minuspad8120x20x05tgmp812020052r_thermalgrizzly_62daa6449e246.jpeg", "url_product": "https://www.21vek.by/cooling_fans/minuspad8120x20x05tgmp812020052r_thermalgrizzly.html", "price": "86.86"}, {"name": "\u041a\u0443\u043b\u0435\u0440 \u0434\u043b\u044f \u043f\u0440\u043e\u0446\u0435\u0441\u0441\u043e\u0440\u0430 PCCooler Paladin 400 ARGB", "url_img": "https://cdn21vek.by/img/galleries/65577/990/preview/paladin400argb_pccooler_61b7708e6d06e.jpeg", "url_product": "https://www.21vek.by/cooling_fans/paladin400argb_pccooler.html", "price": "100.50"}, {"name": "\u0412\u0435\u043d\u0442\u0438\u043b\u044f\u0442\u043e\u0440 \u0434\u043b\u044f \u043a\u043e\u0440\u043f\u0443\u0441\u0430 Rexant RQA 172x150x50HBL / 72-6170", "url_img": "https://cdn21vek.by/img/galleries/1103/110/preview/rqa172x150x50hbl726170_rexant_5da09fa6a7bbf.jpeg", "url_product": "https://www.21vek.by/cooling_fans/rqa172x150x50hbl726170_rexant.html", "price": "102.36"}, {"name": "\u041a\u0443\u043b\u0435\u0440 \u0434\u043b\u044f \u043f\u0440\u043e\u0446\u0435\u0441\u0441\u043e\u0440\u0430 Xilence Performance C White 3HP Universal 150W M403PRO.W.ARGB (XC229)", "url_img": "https://cdn21vek.by/img/galleries/6349/630/preview/performancecwhite3hpuniversal150wm403prowargbxc229_xilence_60229423ad03d.jpeg", "url_product": "https://www.21vek.by/cooling_fans/performancecwhite3hpuniversal150wm403prowargbxc229_xilence.html", "price": "108.74"}, {"name": "\u041a\u0443\u043b\u0435\u0440 \u0434\u043b\u044f \u043f\u0440\u043e\u0446\u0435\u0441\u0441\u043e\u0440\u0430 Xilence M704 (XC051)", "url_img": "https://cdn21vek.by/img/galleries/798/14/preview/m704xc051_xilence_5c1b7757f00c6.jpeg", "url_product": "https://www.21vek.by/cooling_fans/m704xc051_xilence.html", "price": "110.77"}, {"name": "\u041a\u0443\u043b\u0435\u0440 \u0434\u043b\u044f \u043f\u0440\u043e\u0446\u0435\u0441\u0441\u043e\u0440\u0430 AeroCool Verkho 4 Dark", "url_img": "https://cdn21vek.by/img/galleries/1143/369/preview/verkho4dark_aerocool_5f354830c98de.jpeg", "url_product": "https://www.21vek.by/cooling_fans/verkho4dark_aerocool.html", "price": "111.30"}, {"name": "\u041a\u0443\u043b\u0435\u0440 \u0434\u043b\u044f \u043f\u0440\u043e\u0446\u0435\u0441\u0441\u043e\u0440\u0430 Cooler Master Hyper H410R RGB (RR-H410-20PC-R1)", "url_img": "https://cdn21vek.by/img/galleries/5905/502/preview/hyperh410rrgbrrh41020pcr1_cooler_master_5e568e165d1e4.png", "url_product": "https://www.21vek.by/cooling_fans/hyperh410rrgbrrh41020pcr1_cooler_master.html", "price": "112.69"}, {"name": "\u041a\u0443\u043b\u0435\u0440 \u0434\u043b\u044f \u043f\u0440\u043e\u0446\u0435\u0441\u0441\u043e\u0440\u0430 Arctic Cooling Freezer A35 CO / ACFRE00113A", "url_img": "https://cdn21vek.by/img/galleries/7255/410/preview/coolingfreezera35coacfre00113a_arctic_620e59c596806.jpeg", "url_product": "https://www.21vek.by/cooling_fans/coolingfreezera35coacfre00113a_arctic.html", "price": "131.53"}, {"name": "\u041a\u0443\u043b\u0435\u0440 \u0434\u043b\u044f \u043f\u0440\u043e\u0446\u0435\u0441\u0441\u043e\u0440\u0430 Xilence M704RGB (XC054)", "url_img": "https://cdn21vek.by/img/galleries/859/267/preview/m704rgbxc054_xilence_5da08897f37f1.jpeg", "url_product": "https://www.21vek.by/cooling_fans/m704rgbxc054_xilence.html", "price": "131.54"}, {"name": "\u041a\u0443\u043b\u0435\u0440 \u0434\u043b\u044f \u043f\u0440\u043e\u0446\u0435\u0441\u0441\u043e\u0440\u0430 Arctic Cooling Freezer A35 / ACFRE00112A", "url_img": "https://cdn21vek.by/img/galleries/7609/385/preview/coolingfreezera35acfre00112a_arctic_62de6a4827969.jpeg", "url_product": "https://www.21vek.by/cooling_fans/coolingfreezera35acfre00112a_arctic.html", "price": "134.99"}, {"name": "\u041a\u0443\u043b\u0435\u0440 \u0434\u043b\u044f \u043f\u0440\u043e\u0446\u0435\u0441\u0441\u043e\u0440\u0430 PCCooler GI-H58UB Corona R", "url_img": "https://cdn21vek.by/img/galleries/6186/450/preview/gih58ubcoronar_pccooler_606f126e6fdee.jpeg", "url_product": "https://www.21vek.by/cooling_fans/gih58ubcoronar_pccooler.html", "price": "136.21"}, {"name": "\u041a\u0443\u043b\u0435\u0440 \u0434\u043b\u044f \u043f\u0440\u043e\u0446\u0435\u0441\u0441\u043e\u0440\u0430 PCCooler GI-H58UB Corona B", "url_img": "https://cdn21vek.by/img/galleries/5967/333/preview/gih58ubcoronab_pccooler_5e8c751568a32.jpeg", "url_product": "https://www.21vek.by/cooling_fans/gih58ubcoronab_pccooler.html", "price": "136.21"}, {"name": "\u041a\u0443\u043b\u0435\u0440 \u0434\u043b\u044f \u043f\u0440\u043e\u0446\u0435\u0441\u0441\u043e\u0440\u0430 Arctic Cooling Freezer i35 CO / ACFRE00095A", "url_img": "https://cdn21vek.by/img/galleries/7255/428/preview/coolingfreezeri35coacfre00095a_arctic_620e65e380668.jpeg", "url_product": "https://www.21vek.by/cooling_fans/coolingfreezeri35coacfre00095a_arctic.html", "price": "140.20"}, {"name": "\u041a\u0443\u043b\u0435\u0440 \u0434\u043b\u044f \u043f\u0440\u043e\u0446\u0435\u0441\u0441\u043e\u0440\u0430 Arctic Cooling Freezer 34 (ACFRE00052A)", "url_img": "https://cdn21vek.by/img/galleries/5906/860/preview/coolingfreezer34acfre00052a_arctic_5e5530e5e97a7.jpeg", "url_product": "https://www.21vek.by/cooling_fans/coolingfreezer34acfre00052a_arctic.html", "price": "145.12"}, {"name": "\u041a\u0443\u043b\u0435\u0440 \u0434\u043b\u044f \u043f\u0440\u043e\u0446\u0435\u0441\u0441\u043e\u0440\u0430 Arctic Cooling Freezer i35 / ACFRE00094A", "url_img": "https://cdn21vek.by/img/galleries/7255/424/preview/coolingfreezeri35acfre00094a_arctic_620e64a392834.jpeg", "url_product": "https://www.21vek.by/cooling_fans/coolingfreezeri35acfre00094a_arctic.html", "price": "148.86"}, {"name": "\u041a\u0443\u043b\u0435\u0440 \u0434\u043b\u044f \u043f\u0440\u043e\u0446\u0435\u0441\u0441\u043e\u0440\u0430 Deepcool AK400 WH (R-AK400-WHNNMN-G-1)", "url_img": "https://cdn21vek.by/img/galleries/7624/998/preview/ak400whrak400whnnmng1_deepcool_62de814808121.jpeg", "url_product": "https://www.21vek.by/cooling_fans/ak400whrak400whnnmng1_deepcool.html", "price": "149.45"}, {"name": "\u041a\u0443\u043b\u0435\u0440 \u0434\u043b\u044f \u043f\u0440\u043e\u0446\u0435\u0441\u0441\u043e\u0440\u0430 ID-Cooling SE-226-XT ARGB Snow", "url_img": "https://cdn21vek.by/img/galleries/7560/423/preview/se226xtargbsnow_idcooling_637d0fdbdc76b.jpeg", "url_product": "https://www.21vek.by/cooling_fans/se226xtargbsnow_idcooling.html", "price": "153.59"}, {"name": "\u041a\u0443\u043b\u0435\u0440 \u0434\u043b\u044f \u043f\u0440\u043e\u0446\u0435\u0441\u0441\u043e\u0440\u0430 Xilence XC056 / M704PRO.ARGB", "url_img": "https://cdn21vek.by/img/galleries/7978/628/preview/xc056m704proargb_xilence_63e1237a90853.jpeg", "url_product": "https://www.21vek.by/cooling_fans/xc056m704proargb_xilence.html", "price": "167.10"}, {"name": "\u041a\u0443\u043b\u0435\u0440 \u0434\u043b\u044f \u043f\u0440\u043e\u0446\u0435\u0441\u0441\u043e\u0440\u0430 Arctic Cooling Freezer A35 RGB / ACFRE00114A", "url_img": "https://cdn21vek.by/img/galleries/7255/413/preview/coolingfreezera35rgbacfre00114a_arctic_620e62450ae77.jpeg", "url_product": "https://www.21vek.by/cooling_fans/coolingfreezera35rgbacfre00114a_arctic.html", "price": "169.60"}, {"name": "\u041a\u0443\u043b\u0435\u0440 \u0434\u043b\u044f \u043f\u0440\u043e\u0446\u0435\u0441\u0441\u043e\u0440\u0430 Arctic Cooling Freezer A35 ARGB / ACFRE00115A", "url_img": "https://cdn21vek.by/img/galleries/7255/416/preview/coolingfreezera35argbacfre00115a_arctic_620e56d894277.jpeg", "url_product": "https://www.21vek.by/cooling_fans/coolingfreezera35argbacfre00115a_arctic.html", "price": "172.72"}, {"name": "\u041a\u0443\u043b\u0435\u0440 \u0434\u043b\u044f \u043f\u0440\u043e\u0446\u0435\u0441\u0441\u043e\u0440\u0430 Be quiet! Shadow Rock Slim 2 160W (BK032)", "url_img": "https://cdn21vek.by/img/galleries/7030/330/preview/shadowrockslim2160wbk032_be_quiet_618d3ca7c784b.jpeg", "url_product": "https://www.21vek.by/cooling_fans/shadowrockslim2160wbk032_be_quiet.html", "price": "180.01"}, {"name": "\u041a\u0443\u043b\u0435\u0440 \u0434\u043b\u044f \u043f\u0440\u043e\u0446\u0435\u0441\u0441\u043e\u0440\u0430 Arctic Freezer i35 ARGB / ACFRE00104A", "url_img": "https://cdn21vek.by/img/galleries/7255/437/preview/freezeri35argbacfre00104a_arctic_6267e28428708.jpeg", "url_product": "https://www.21vek.by/cooling_fans/freezeri35argbacfre00104a_arctic.html", "price": "183.46"}, {"name": "\u041a\u0443\u043b\u0435\u0440 \u0434\u043b\u044f \u043f\u0440\u043e\u0446\u0435\u0441\u0441\u043e\u0440\u0430 Arctic Cooling Freezer 34 eSports Duo / ACFRE00074A (\u0441\u0435\u0440\u044b\u0439/\u0431\u0435\u043b\u044b\u0439)", "url_img": "https://cdn21vek.by/img/galleries/5901/770/preview/coolingfreezer34esportsduoacfre00074a_arctic_5e4d4f41d49af.jpeg", "url_product": "https://www.21vek.by/cooling_fans/coolingfreezer34esportsduoacfre00074a_arctic.html", "price": "189.69"}, {"name": "\u041a\u0443\u043b\u0435\u0440 \u0434\u043b\u044f \u043f\u0440\u043e\u0446\u0435\u0441\u0441\u043e\u0440\u0430 Arctic Cooling Freezer 34 eSports DUO White", "url_img": "https://cdn21vek.by/img/galleries/5739/6/preview/coolingfreezer34esportsduowhite_arctic_5dc3f8843fdcd.jpeg", "url_product": "https://www.21vek.by/cooling_fans/coolingfreezer34esportsduowhite_arctic.html", "price": "197.29"}, {"name": "\u041a\u0443\u043b\u0435\u0440 \u0434\u043b\u044f \u043f\u0440\u043e\u0446\u0435\u0441\u0441\u043e\u0440\u0430 Cooler Master Hyper 212 RGB Black Edition (RR-212S-20PC-R1)", "url_img": "https://cdn21vek.by/img/galleries/5905/532/preview/hyper212rgbblackeditionrr212s20pcr1_cooler_master_5e568bca78de6.png", "url_product": "https://www.21vek.by/cooling_fans/hyper212rgbblackeditionrr212s20pcr1_cooler_master.html", "price": "207.69"}, {"name": "\u041a\u0443\u043b\u0435\u0440 \u0434\u043b\u044f \u043f\u0440\u043e\u0446\u0435\u0441\u0441\u043e\u0440\u0430 Deepcool Lucifer V2", "url_img": "https://cdn21vek.by/img/galleries/6747/848/preview/luciferv2_deepcool_611fb40a5cdf5.jpeg", "url_product": "https://www.21vek.by/cooling_fans/luciferv2_deepcool.html", "price": "223.93"}, {"name": "\u041a\u0443\u043b\u0435\u0440 \u0434\u043b\u044f \u043f\u0440\u043e\u0446\u0435\u0441\u0441\u043e\u0440\u0430 Xilence Performance A+ LiQuRizer 240 (LQ240)", "url_img": "https://cdn21vek.by/img/galleries/1173/75/preview/performancealiqurizer240lq240_xilence_5da08c13c4ca3.jpeg", "url_product": "https://www.21vek.by/cooling_fans/performancealiqurizer240lq240_xilence.html", "price": "239.10"}, {"name": "\u041a\u0443\u043b\u0435\u0440 \u0434\u043b\u044f \u043f\u0440\u043e\u0446\u0435\u0441\u0441\u043e\u0440\u0430 Supermicro SNK-P0068APS4", "url_img": "https://cdn21vek.by/img/galleries/515/720/preview/snkp0068aps4_supermicro_5a8c5305c1813.jpeg", "url_product": "https://www.21vek.by/cooling_fans/snkp0068aps4_supermicro.html", "price": "269.80"}, {"name": "\u041a\u0443\u043b\u0435\u0440 \u0434\u043b\u044f \u043f\u0440\u043e\u0446\u0435\u0441\u0441\u043e\u0440\u0430 Zalman Alpha 36 (\u0431\u0435\u043b\u044b\u0439)", "url_img": "https://cdn21vek.by/img/galleries/7523/506/preview/alpha36_zalman_629f41848cde1.jpeg", "url_product": "https://www.21vek.by/cooling_fans/alpha36_zalman.html", "price": "426.98"}, {"name": "\u041a\u0443\u043b\u0435\u0440 \u0434\u043b\u044f \u043f\u0440\u043e\u0446\u0435\u0441\u0441\u043e\u0440\u0430 Be quiet! Silent Loop 2 240mm (BW010)", "url_img": "https://cdn21vek.by/img/galleries/6581/732/preview/silentloop2240mmbw010_be_quiet_60b9eb2e8ccc2.jpeg", "url_product": "https://www.21vek.by/cooling_fans/silentloop2240mmbw010_be_quiet.html", "price": "519.14"}, {"name": "\u041a\u0443\u043b\u0435\u0440 \u0434\u043b\u044f \u043f\u0440\u043e\u0446\u0435\u0441\u0441\u043e\u0440\u0430 Be quiet! Pure Loop 360mm (BW008)", "url_img": "https://cdn21vek.by/img/galleries/6450/222/preview/pureloop360mmbw008_be_quiet_6066c34956230.jpeg", "url_product": "https://www.21vek.by/cooling_fans/pureloop360mmbw008_be_quiet.html", "price": "567.22"}, {"name": "\u041a\u0443\u043b\u0435\u0440 \u0434\u043b\u044f \u043f\u0440\u043e\u0446\u0435\u0441\u0441\u043e\u0440\u0430 Be quiet! Silent Loop 2 280mm (BW011)", "url_img": "https://cdn21vek.by/img/galleries/6581/733/preview/silentloop2280mmbw011_be_quiet_60b9e8b8e2491.jpeg", "url_product": "https://www.21vek.by/cooling_fans/silentloop2280mmbw011_be_quiet.html", "price": "573.79"}, {"name": "\u041a\u0443\u043b\u0435\u0440 \u0434\u043b\u044f \u043f\u0440\u043e\u0446\u0435\u0441\u0441\u043e\u0440\u0430 ExeGate E\u041597378 (EX283278RUS)", "url_img": "https://cdn21vek.by/img/gallery/default_preview.jpeg", "url_product": "https://www.21vek.by/cooling_fans/e97378ex283278rus_exegate.html", "price": "26.14"}, {"name": "\u0412\u0435\u043d\u0442\u0438\u043b\u044f\u0442\u043e\u0440 \u0434\u043b\u044f \u043a\u043e\u0440\u043f\u0443\u0441\u0430 Alseye Halo Pro B PWM", "url_img": "https://cdn21vek.by/img/gallery/default_preview.jpeg", "url_product": "https://www.21vek.by/cooling_fans/haloprobpwm_alseye.html", "price": "35.24"}, {"name": "\u041a\u0443\u043b\u0435\u0440 \u0434\u043b\u044f \u043f\u0440\u043e\u0446\u0435\u0441\u0441\u043e\u0440\u0430 ExeGate EE97378-PWM (EX283277RUS)", "url_img": "https://cdn21vek.by/img/gallery/default_preview.jpeg", "url_product": "https://www.21vek.by/cooling_fans/ee97378pwmex283277rus_exegate.html", "price": "37.62"}, {"name": "\u041a\u0443\u043b\u0435\u0440 \u0434\u043b\u044f \u043f\u0440\u043e\u0446\u0435\u0441\u0441\u043e\u0440\u0430 ExeGate EX286148RUS", "url_img": "https://cdn21vek.by/img/gallery/default_preview.jpeg", "url_product": "https://www.21vek.by/cooling_fans/ex286148rus_exegate.html", "price": "38.91"}, {"name": "\u041a\u0443\u043b\u0435\u0440 \u0434\u043b\u044f \u043f\u0440\u043e\u0446\u0435\u0441\u0441\u043e\u0440\u0430 Intel M23905", "url_img": "https://cdn21vek.by/img/gallery/default_preview.jpeg", "url_product": "https://www.21vek.by/cooling_fans/m23905_intel.html", "price": "47.21"}, {"name": "\u0412\u0435\u043d\u0442\u0438\u043b\u044f\u0442\u043e\u0440 \u0434\u043b\u044f \u043a\u043e\u0440\u043f\u0443\u0441\u0430 ID-Cooling NO-12015-XT ARGB Snow", "url_img": "https://cdn21vek.by/img/gallery/default_preview.jpeg", "url_product": "https://www.21vek.by/cooling_fans/no12015xtargbsnow_idcooling.html", "price": "47.97"}, {"name": "\u0422\u0435\u0440\u043c\u043e\u043f\u0440\u043e\u043a\u043b\u0430\u0434\u043a\u0430 Cooler Master Thermal Pad Pro 95x45x1.5 / TPX-NOPP-9015-R1", "url_img": "https://cdn21vek.by/img/gallery/default_preview.jpeg", "url_product": "https://www.21vek.by/cooling_fans/thermalpadpro95x45x15tpxnopp9015r1_cooler_master.html", "price": "48.45"}, {"name": "\u0412\u0435\u043d\u0442\u0438\u043b\u044f\u0442\u043e\u0440 \u0434\u043b\u044f \u043a\u043e\u0440\u043f\u0443\u0441\u0430 Cooler Master Sickleflow 120 RGB (MFX-B2DN-18NPC-R1)", "url_img": "https://cdn21vek.by/img/gallery/default_preview.jpeg", "url_product": "https://www.21vek.by/cooling_fans/sickleflow120rgbmfxb2dn18npcr1_cooler_master.html", "price": "52.95"}, {"name": "\u0412\u0435\u043d\u0442\u0438\u043b\u044f\u0442\u043e\u0440 \u0434\u043b\u044f \u043a\u043e\u0440\u043f\u0443\u0441\u0430 AeroCool Orbit RGB / ACF3-OB10217.01", "url_img": "https://cdn21vek.by/img/gallery/default_preview.jpeg", "url_product": "https://www.21vek.by/cooling_fans/orbitrgbacf3ob1021701_aerocool.html", "price": "58.68"}, {"name": "\u0412\u0435\u043d\u0442\u0438\u043b\u044f\u0442\u043e\u0440 \u0434\u043b\u044f \u043a\u043e\u0440\u043f\u0443\u0441\u0430 Cougar Vortex VX 120 / CF-VX12HB-RGB", "url_img": "https://cdn21vek.by/img/gallery/default_preview.jpeg", "url_product": "https://www.21vek.by/cooling_fans/vortexvx120cfvx12hbrgb_cougar.html", "price": "59.69"}, {"name": "\u041a\u0443\u043b\u0435\u0440 \u0434\u043b\u044f \u043f\u0440\u043e\u0446\u0435\u0441\u0441\u043e\u0440\u0430 Intel M23901", "url_img": "https://cdn21vek.by/img/gallery/default_preview.jpeg", "url_product": "https://www.21vek.by/cooling_fans/m23901_intel.html", "price": "61.36"}, {"name": "\u041a\u0443\u043b\u0435\u0440 \u0434\u043b\u044f \u043f\u0440\u043e\u0446\u0435\u0441\u0441\u043e\u0440\u0430 ID-Cooling SE-214-XT RING", "url_img": "https://cdn21vek.by/img/gallery/default_preview.jpeg", "url_product": "https://www.21vek.by/cooling_fans/se214xtring_idcooling.html", "price": "64.05"}, {"name": "\u0412\u0435\u043d\u0442\u0438\u043b\u044f\u0442\u043e\u0440 \u0434\u043b\u044f \u043a\u043e\u0440\u043f\u0443\u0441\u0430 Be quiet! Shadow Wings 2 120mm PWM (BL085)", "url_img": "https://cdn21vek.by/img/gallery/default_preview.jpeg", "url_product": "https://www.21vek.by/cooling_fans/shadowwings2120mmpwmbl085_be_quiet.html", "price": "64.72"}, {"name": "\u041a\u0443\u043b\u0435\u0440 \u0434\u043b\u044f \u043f\u0440\u043e\u0446\u0435\u0441\u0441\u043e\u0440\u0430 ID-Cooling SE-914-XT Basic V2", "url_img": "https://cdn21vek.by/img/gallery/default_preview.jpeg", "url_product": "https://www.21vek.by/cooling_fans/se914xtbasicv2_idcooling.html", "price": "67.26"}, {"name": "\u041a\u0443\u043b\u0435\u0440 \u0434\u043b\u044f \u043f\u0440\u043e\u0446\u0435\u0441\u0441\u043e\u0440\u0430 Arctic Cooling Freezer 7 X (ACFRE00088A)", "url_img": "https://cdn21vek.by/img/gallery/default_preview.jpeg", "url_product": "https://www.21vek.by/cooling_fans/coolingfreezer7xacfre00088a_arctic.html", "price": "68.14"}, {"name": "\u041a\u0443\u043b\u0435\u0440 \u0434\u043b\u044f \u043f\u0440\u043e\u0446\u0435\u0441\u0441\u043e\u0440\u0430 Deepcool AG300 Marrs (R-AG300-BKMNMN-G)", "url_img": "https://cdn21vek.by/img/gallery/default_preview.jpeg", "url_product": "https://www.21vek.by/cooling_fans/ag300marrsrag300bkmnmng_deepcool.html", "price": "68.54"}, {"name": "\u041a\u0443\u043b\u0435\u0440 \u0434\u043b\u044f \u043f\u0440\u043e\u0446\u0435\u0441\u0441\u043e\u0440\u0430 Gembird CPU-HURACAN-ARGB-X140", "url_img": "https://cdn21vek.by/img/gallery/default_preview.jpeg", "url_product": "https://www.21vek.by/cooling_fans/cpuhuracanargbx140_gembird.html", "price": "68.60"}, {"name": "\u041a\u0443\u043b\u0435\u0440 \u0434\u043b\u044f \u043f\u0440\u043e\u0446\u0435\u0441\u0441\u043e\u0440\u0430 Deepcool AG300 LED (R-AG300-BKLNMN-G)", "url_img": "https://cdn21vek.by/img/gallery/default_preview.jpeg", "url_product": "https://www.21vek.by/cooling_fans/ag300ledrag300bklnmng_deepcool.html", "price": "68.61"}, {"name": "\u041a\u0443\u043b\u0435\u0440 \u0434\u043b\u044f \u043f\u0440\u043e\u0446\u0435\u0441\u0441\u043e\u0440\u0430 Deepcool AG300 (R-AG300-BKNNMN-G)", "url_img": "https://cdn21vek.by/img/gallery/default_preview.jpeg", "url_product": "https://www.21vek.by/cooling_fans/ag300rag300bknnmng_deepcool.html", "price": "70.04"}, {"name": "\u041a\u0443\u043b\u0435\u0440 \u0434\u043b\u044f \u043f\u0440\u043e\u0446\u0435\u0441\u0441\u043e\u0440\u0430 PCCooler Paladin EX400", "url_img": "https://cdn21vek.by/img/gallery/default_preview.jpeg", "url_product": "https://www.21vek.by/cooling_fans/paladinex400_pccooler.html", "price": "74.18"}, {"name": "\u041a\u0443\u043b\u0435\u0440 \u0434\u043b\u044f \u043f\u0440\u043e\u0446\u0435\u0441\u0441\u043e\u0440\u0430 PCCooler Paladin EX300S", "url_img": "https://cdn21vek.by/img/gallery/default_preview.jpeg", "url_product": "https://www.21vek.by/cooling_fans/paladinex300s_pccooler.html", "price": "77.66"}, {"name": "\u041a\u0443\u043b\u0435\u0440 \u0434\u043b\u044f \u043f\u0440\u043e\u0446\u0435\u0441\u0441\u043e\u0440\u0430 ID-Cooling SE-224-XTS Mini Black", "url_img": "https://cdn21vek.by/img/gallery/default_preview.jpeg", "url_product": "https://www.21vek.by/cooling_fans/se224xtsminiblack_idcooling.html", "price": "78.32"}, {"name": "\u041a\u0443\u043b\u0435\u0440 \u0434\u043b\u044f \u043f\u0440\u043e\u0446\u0435\u0441\u0441\u043e\u0440\u0430 PCCooler Paladin EX400 ARGB", "url_img": "https://cdn21vek.by/img/gallery/default_preview.jpeg", "url_product": "https://www.21vek.by/cooling_fans/paladinex400argb_pccooler.html", "price": "81.45"}, {"name": "\u041a\u0443\u043b\u0435\u0440 \u0434\u043b\u044f \u043f\u0440\u043e\u0446\u0435\u0441\u0441\u043e\u0440\u0430 ID-Cooling IS-47S", "url_img": "https://cdn21vek.by/img/gallery/default_preview.jpeg", "url_product": "https://www.21vek.by/cooling_fans/is47s_idcooling.html", "price": "84.96"}, {"name": "\u041a\u0443\u043b\u0435\u0440 \u0434\u043b\u044f \u043f\u0440\u043e\u0446\u0435\u0441\u0441\u043e\u0440\u0430 PCCooler Paladin EX400S", "url_img": "https://cdn21vek.by/img/gallery/default_preview.jpeg", "url_product": "https://www.21vek.by/cooling_fans/paladinex400s_pccooler.html", "price": "90.02"}, {"name": "\u041a\u0443\u043b\u0435\u0440 \u0434\u043b\u044f \u043f\u0440\u043e\u0446\u0435\u0441\u0441\u043e\u0440\u0430 PCCooler K4 (\u0447\u0435\u0440\u043d\u044b\u0439)", "url_img": "https://cdn21vek.by/img/gallery/default_preview.jpeg", "url_product": "https://www.21vek.by/cooling_fans/k4_pccooler.html", "price": "101.85"}, {"name": "\u041a\u0443\u043b\u0435\u0440 \u0434\u043b\u044f \u043a\u043e\u043c\u043f\u044c\u044e\u0442\u0435\u0440\u0430 Gembird CPU-HURACAN-ARGB-X130", "url_img": "https://cdn21vek.by/img/gallery/default_preview.jpeg", "url_product": "https://www.21vek.by/cooling_fans/cpuhuracanargbx130_gembird.html", "price": "104.97"}, {"name": "\u041a\u0443\u043b\u0435\u0440 \u0434\u043b\u044f \u043f\u0440\u043e\u0446\u0435\u0441\u0441\u043e\u0440\u0430 Crown CM-5", "url_img": "https://cdn21vek.by/img/gallery/default_preview.jpeg", "url_product": "https://www.21vek.by/cooling_fans/cm5_crow_n.html", "price": "110.07"}, {"name": "\u041a\u0443\u043b\u0435\u0440 \u0434\u043b\u044f \u043f\u0440\u043e\u0446\u0435\u0441\u0441\u043e\u0440\u0430 ID-Cooling SE-206-XT", "url_img": "https://cdn21vek.by/img/gallery/default_preview.jpeg", "url_product": "https://www.21vek.by/cooling_fans/se206xt_idcooling.html", "price": "111.15"}, {"name": "\u041a\u0443\u043b\u0435\u0440 \u0434\u043b\u044f \u043f\u0440\u043e\u0446\u0435\u0441\u0441\u043e\u0440\u0430 Zalman CNPS9X Optima RGB", "url_img": "https://cdn21vek.by/img/gallery/default_preview.jpeg", "url_product": "https://www.21vek.by/cooling_fans/cnps9xoptimargb_zalman.html", "price": "111.78"}, {"name": "\u041a\u0443\u043b\u0435\u0440 \u0434\u043b\u044f \u043f\u0440\u043e\u0446\u0435\u0441\u0441\u043e\u0440\u0430 ID-Cooling SE-207-XT Slim", "url_img": "https://cdn21vek.by/img/gallery/default_preview.jpeg", "url_product": "https://www.21vek.by/cooling_fans/se207xtslim_idcooling.html", "price": "118.27"}, {"name": "\u041a\u0443\u043b\u0435\u0440 \u0434\u043b\u044f \u043f\u0440\u043e\u0446\u0435\u0441\u0441\u043e\u0440\u0430 ID-Cooling SE-207-XT Slim Snow", "url_img": "https://cdn21vek.by/img/gallery/default_preview.jpeg", "url_product": "https://www.21vek.by/cooling_fans/se207xtslimsnow_idcooling.html", "price": "121.31"}, {"name": "\u041a\u0443\u043b\u0435\u0440 \u0434\u043b\u044f \u043f\u0440\u043e\u0446\u0435\u0441\u0441\u043e\u0440\u0430 ID-Cooling SE-225-XT Basic", "url_img": "https://cdn21vek.by/img/gallery/default_preview.jpeg", "url_product": "https://www.21vek.by/cooling_fans/se225xtbasic_idcooling.html", "price": "123.60"}, {"name": "\u041a\u0443\u043b\u0435\u0440 \u0434\u043b\u044f \u043f\u0440\u043e\u0446\u0435\u0441\u0441\u043e\u0440\u0430 Deepcool AK400 Zero Dark (R-AK400-BKNNMN-G-2)", "url_img": "https://cdn21vek.by/img/gallery/default_preview.jpeg", "url_product": "https://www.21vek.by/cooling_fans/ak400zerodarkrak400bknnmng2_deepcool.html", "price": "134.30"}, {"name": "\u041a\u0443\u043b\u0435\u0440 \u0434\u043b\u044f \u043f\u0440\u043e\u0446\u0435\u0441\u0441\u043e\u0440\u0430 Jonsbo MX400", "url_img": "https://cdn21vek.by/img/gallery/default_preview.jpeg", "url_product": "https://www.21vek.by/cooling_fans/mx400_jonsbo.html", "price": "135.04"}, {"name": "\u041a\u0443\u043b\u0435\u0440 \u0434\u043b\u044f \u043f\u0440\u043e\u0446\u0435\u0441\u0441\u043e\u0440\u0430 Zalman CNPS9X Performa Black", "url_img": "https://cdn21vek.by/img/gallery/default_preview.jpeg", "url_product": "https://www.21vek.by/cooling_fans/cnps9xperformablack_zalman.html", "price": "139.97"}, {"name": "\u041a\u0443\u043b\u0435\u0440 \u0434\u043b\u044f \u043f\u0440\u043e\u0446\u0435\u0441\u0441\u043e\u0440\u0430 Cougar Forza 50 / CGR-FZA50", "url_img": "https://cdn21vek.by/img/gallery/default_preview.jpeg", "url_product": "https://www.21vek.by/cooling_fans/forza50cgrfza50_cougar.html", "price": "146.70"}, {"name": "\u041a\u0443\u043b\u0435\u0440 \u0434\u043b\u044f \u043f\u0440\u043e\u0446\u0435\u0441\u0441\u043e\u0440\u0430 Zalman CNPS10X Performa Black", "url_img": "https://cdn21vek.by/img/gallery/default_preview.jpeg", "url_product": "https://www.21vek.by/cooling_fans/cnps10xperformablack_zalman.html", "price": "146.90"}, {"name": "\u041a\u0443\u043b\u0435\u0440 \u0434\u043b\u044f \u043f\u0440\u043e\u0446\u0435\u0441\u0441\u043e\u0440\u0430 PCCooler K6 (\u0447\u0435\u0440\u043d\u044b\u0439)", "url_img": "https://cdn21vek.by/img/gallery/default_preview.jpeg", "url_product": "https://www.21vek.by/cooling_fans/k6_pccooler.html", "price": "148.43"}, {"name": "\u041d\u0430\u0431\u043e\u0440 \u0432\u0435\u043d\u0442\u0438\u043b\u044f\u0442\u043e\u0440\u043e\u0432 \u0434\u043b\u044f \u043a\u043e\u0440\u043f\u0443\u0441\u0430 Cooler Master Sickleflow 120 RGB / MFX-B2DN-183PA-R1 (3\u0448\u0442)", "url_img": "https://cdn21vek.by/img/gallery/default_preview.jpeg", "url_product": "https://www.21vek.by/cooling_fans/sickleflow120rgbmfxb2dn183par1_cooler_master.html", "price": "150.94"}, {"name": "\u041a\u0443\u043b\u0435\u0440 \u0434\u043b\u044f \u043f\u0440\u043e\u0446\u0435\u0441\u0441\u043e\u0440\u0430 Cooler Master Hyper 212 EVO V2 (RR-2V2E-18PK-R2)", "url_img": "https://cdn21vek.by/img/gallery/default_preview.jpeg", "url_product": "https://www.21vek.by/cooling_fans/hyper212evov2rr2v2e18pkr2_cooler_master.html", "price": "156.86"}, {"name": "\u041a\u0443\u043b\u0435\u0440 \u0434\u043b\u044f \u043f\u0440\u043e\u0446\u0435\u0441\u0441\u043e\u0440\u0430 PCCooler EK6000 (\u0447\u0435\u0440\u043d\u044b\u0439)", "url_img": "https://cdn21vek.by/img/gallery/default_preview.jpeg", "url_product": "https://www.21vek.by/cooling_fans/ek6000_pccooler_01.html", "price": "160.15"}, {"name": "\u041a\u0443\u043b\u0435\u0440 \u0434\u043b\u044f \u043f\u0440\u043e\u0446\u0435\u0441\u0441\u043e\u0440\u0430 PCCooler GI-H58U V2", "url_img": "https://cdn21vek.by/img/gallery/default_preview.jpeg", "url_product": "https://www.21vek.by/cooling_fans/gih58uv2_pccooler.html", "price": "168.17"}, {"name": "\u041a\u0443\u043b\u0435\u0440 \u0434\u043b\u044f \u043f\u0440\u043e\u0446\u0435\u0441\u0441\u043e\u0440\u0430 Jonsbo CR-2100", "url_img": "https://cdn21vek.by/img/gallery/default_preview.jpeg", "url_product": "https://www.21vek.by/cooling_fans/cr2100_jonsbo.html", "price": "170.52"}, {"name": "\u041a\u0443\u043b\u0435\u0440 \u0434\u043b\u044f \u043f\u0440\u043e\u0446\u0435\u0441\u0441\u043e\u0440\u0430 Deepcool LE300 (R-LE300-BKLNMC-G-1)", "url_img": "https://cdn21vek.by/img/gallery/default_preview.jpeg", "url_product": "https://www.21vek.by/cooling_fans/le300rle300bklnmcg1_deepcool.html", "price": "187.82"}, {"name": "\u041a\u0443\u043b\u0435\u0440 \u0434\u043b\u044f \u043f\u0440\u043e\u0446\u0435\u0441\u0441\u043e\u0440\u0430 Be quiet! Pure Rock 2 FX Black ARGB (BK033)", "url_img": "https://cdn21vek.by/img/gallery/default_preview.jpeg", "url_product": "https://www.21vek.by/cooling_fans/purerock2fxblackargbbk033_be_quiet.html", "price": "190.38"}, {"name": "\u041a\u0443\u043b\u0435\u0440 \u0434\u043b\u044f \u043f\u0440\u043e\u0446\u0435\u0441\u0441\u043e\u0440\u0430 Cooler Master RR-212S-20PK-R2", "url_img": "https://cdn21vek.by/img/gallery/default_preview.jpeg", "url_product": "https://www.21vek.by/cooling_fans/rr212s20pkr2_cooler_master.html", "price": "213.67"}, {"name": "\u041a\u0443\u043b\u0435\u0440 \u0434\u043b\u044f \u043f\u0440\u043e\u0446\u0435\u0441\u0441\u043e\u0440\u0430 PCCooler Paladin S9 (\u0431\u0435\u043b\u044b\u0439)", "url_img": "https://cdn21vek.by/img/gallery/default_preview.jpeg", "url_product": "https://www.21vek.by/cooling_fans/paladins9_pccooler.html", "price": "218.43"}, {"name": "\u041a\u0443\u043b\u0435\u0440 \u0434\u043b\u044f \u043f\u0440\u043e\u0446\u0435\u0441\u0441\u043e\u0440\u0430 Cougar Forza 85 / CGR-FZA85", "url_img": "https://cdn21vek.by/img/gallery/default_preview.jpeg", "url_product": "https://www.21vek.by/cooling_fans/forza85cgrfza85_cougar.html", "price": "234.31"}, {"name": "\u0412\u0435\u043d\u0442\u0438\u043b\u044f\u0442\u043e\u0440 \u0434\u043b\u044f \u043a\u043e\u0440\u043f\u0443\u0441\u0430 PCCooler Paladin S9 (\u0447\u0435\u0440\u043d\u044b\u0439)", "url_img": "https://cdn21vek.by/img/gallery/default_preview.jpeg", "url_product": "https://www.21vek.by/cooling_fans/paladins9_pccooler_01.html", "price": "254.39"}, {"name": "\u041a\u0443\u043b\u0435\u0440 \u0434\u043b\u044f \u043f\u0440\u043e\u0446\u0435\u0441\u0441\u043e\u0440\u0430 Deepcool LS320 (R-LS320-BKAMMT-G-1)", "url_img": "https://cdn21vek.by/img/gallery/default_preview.jpeg", "url_product": "https://www.21vek.by/cooling_fans/ls320rls320bkammtg1_deepcool.html", "price": "262.86"}, {"name": "\u041a\u0443\u043b\u0435\u0440 \u0434\u043b\u044f \u043f\u0440\u043e\u0446\u0435\u0441\u0441\u043e\u0440\u0430 Be quiet! Shadow Rock 3 190W (BK005)", "url_img": "https://cdn21vek.by/img/gallery/default_preview.jpeg", "url_product": "https://www.21vek.by/cooling_fans/shadowrock3190wbk005_be_quiet.html", "price": "301.44"}, {"name": "\u041a\u0443\u043b\u0435\u0440 \u0434\u043b\u044f \u043f\u0440\u043e\u0446\u0435\u0441\u0441\u043e\u0440\u0430 Deepcool LT520 (R-LT520-BKAMNF-G-1)", "url_img": "https://cdn21vek.by/img/galleries/8251/144/preview/lt520rlt520bkamnfg1_deepcool_6452076c227d2.jpeg", "url_product": "https://www.21vek.by/cooling_fans/lt520rlt520bkamnfg1_deepcool.html", "price": "399.63"}, {"name": "\u041a\u0443\u043b\u0435\u0440 \u0434\u043b\u044f \u043f\u0440\u043e\u0446\u0435\u0441\u0441\u043e\u0440\u0430 MSI Mag Coreliquid 240R V2", "url_img": "https://cdn21vek.by/img/gallery/default_preview.jpeg", "url_product": "https://www.21vek.by/cooling_fans/magcoreliquid240rv2_msi.html", "price": "487.22"}, {"name": "\u041a\u0443\u043b\u0435\u0440 \u0434\u043b\u044f \u043f\u0440\u043e\u0446\u0435\u0441\u0441\u043e\u0440\u0430 Arctic Cooling Liquid Freezer II 280 (ACFRE00066B)", "url_img": "https://cdn21vek.by/img/gallery/default_preview.jpeg", "url_product": "https://www.21vek.by/cooling_fans/coolingliquidfreezerii280acfre00066b_arctic.html", "price": "491.17"}, {"name": "\u041a\u0443\u043b\u0435\u0440 \u0434\u043b\u044f \u043f\u0440\u043e\u0446\u0435\u0441\u0441\u043e\u0440\u0430 MSI MAG Coreliquid C240", "url_img": "https://cdn21vek.by/img/gallery/default_preview.jpeg", "url_product": "https://www.21vek.by/cooling_fans/magcoreliquidc240_msi.html", "price": "491.27"}, {"name": "\u041a\u0443\u043b\u0435\u0440 \u0434\u043b\u044f \u043f\u0440\u043e\u0446\u0435\u0441\u0441\u043e\u0440\u0430 Be quiet! Pure Loop 2 FX 240mm (BW013)", "url_img": "https://cdn21vek.by/img/gallery/default_preview.jpeg", "url_product": "https://www.21vek.by/cooling_fans/pureloop2fx240mmbw013_be_quiet.html", "price": "508.90"}, {"name": "\u041a\u0443\u043b\u0435\u0440 \u0434\u043b\u044f \u043f\u0440\u043e\u0446\u0435\u0441\u0441\u043e\u0440\u0430 MSI MAG Coreliquid P360", "url_img": "https://cdn21vek.by/img/gallery/default_preview.jpeg", "url_product": "https://www.21vek.by/cooling_fans/magcoreliquidp360_msi.html", "price": "527.81"}, {"name": "\u041a\u0443\u043b\u0435\u0440 \u0434\u043b\u044f \u043f\u0440\u043e\u0446\u0435\u0441\u0441\u043e\u0440\u0430 Arctic Cooling Liquid Freezer II 360 (ACFRE00068B)", "url_img": "https://cdn21vek.by/img/gallery/default_preview.jpeg", "url_product": "https://www.21vek.by/cooling_fans/coolingliquidfreezerii360acfre00068b_arctic.html", "price": "581.35"}, {"name": "\u041a\u0443\u043b\u0435\u0440 \u0434\u043b\u044f \u043f\u0440\u043e\u0446\u0435\u0441\u0441\u043e\u0440\u0430 MSI MAG Coreliquid C280", "url_img": "https://cdn21vek.by/img/gallery/default_preview.jpeg", "url_product": "https://www.21vek.by/cooling_fans/magcoreliquidc280_msi.html", "price": "588.71"}, {"name": "\u041a\u0443\u043b\u0435\u0440 \u0434\u043b\u044f \u043f\u0440\u043e\u0446\u0435\u0441\u0441\u043e\u0440\u0430 MSI Mag Coreliquid 360R V2", "url_img": "https://cdn21vek.by/img/gallery/default_preview.jpeg", "url_product": "https://www.21vek.by/cooling_fans/magcoreliquid360rv2_msi.html", "price": "604.98"}, {"name": "\u041a\u0443\u043b\u0435\u0440 \u0434\u043b\u044f \u043f\u0440\u043e\u0446\u0435\u0441\u0441\u043e\u0440\u0430 Arctic Cooling Liquid Freezer II 420 RGB Black (ACFRE00110A)", "url_img": "https://cdn21vek.by/img/gallery/default_preview.jpeg", "url_product": "https://www.21vek.by/cooling_fans/coolingliquidfreezerii420rgbblackacfre00110a_arctic.html", "price": "621.46"}, {"name": "\u041a\u0443\u043b\u0435\u0440 \u0434\u043b\u044f \u043f\u0440\u043e\u0446\u0435\u0441\u0441\u043e\u0440\u0430 Arctic Liquid Freezer II 420 RGB (ACFRE00111A)", "url_img": "https://cdn21vek.by/img/gallery/default_preview.jpeg", "url_product": "https://www.21vek.by/cooling_fans/liquidfreezerii420rgbacfre00111a_arctic.html", "price": "725.71"}, {"name": "\u041a\u0443\u043b\u0435\u0440 \u0434\u043b\u044f \u043f\u0440\u043e\u0446\u0435\u0441\u0441\u043e\u0440\u0430 MSI MPG Coreliquid K240 V2", "url_img": "https://cdn21vek.by/img/gallery/default_preview.jpeg", "url_product": "https://www.21vek.by/cooling_fans/mpgcoreliquidk240v2_msi.html", "price": "913.53"}, {"name": "\u041a\u0443\u043b\u0435\u0440 \u0434\u043b\u044f \u043f\u0440\u043e\u0446\u0435\u0441\u0441\u043e\u0440\u0430 MSI MEG Coreliquid S280", "url_img": "https://cdn21vek.by/img/gallery/default_preview.jpeg", "url_product": "https://www.21vek.by/cooling_fans/megcoreliquids280_msi.html", "price": "1140.91"}]]